subfield_id,subfield_name,field_name,scope,includes,excludes,flagship_journals,wikipedia_anchor,card_confidence
1100,General Agricultural and Biological Sciences,Agricultural and Biological Sciences,"Last-resort umbrella subfield for agricultural and biological sciences research that spans multiple subfields of this field or does not fit cleanly into any single one of them, e.g. broad agricultural economics, rural development, general agri-food systems work, or general biology not tied to a specific subdiscipline. Only use when a topic clearly belongs to this field but not to any of its named subfields; per ASJC convention this is a last-resort bucket, not a preferred home. ARBITRATION vs Economics and Econometrics [Economics, Econometrics and Finance] and Development [Social Sciences]: agricultural economics and policy is named as belonging to Economics and Econometrics (2002); rural development and rural-sociology framing is named as belonging to Development (3303); this card keeps only genuinely cross-cutting or unclassified agricultural/biological-science topics, as a true last resort.","agricultural science topics that combine multiple named agricultural subfields (e.g. agronomy, animal science, soil science) with no single specific home; general biology or agricultural-science research not tied to a specific subdiscipline, pending clearer classification; general/multidisciplinary agri-food systems; agricultural extension and innovation diffusion; general biotechnology applied to agriculture; cross-cutting agricultural sustainability","agri-environmental policy, governance, and monitoring frameworks (sustainability-assessment/policy framing rather than agricultural-science framing) -> Management, Monitoring, Policy and Law ; agricultural education and extension pedagogy (teaching/training framing rather than agricultural-science framing) -> Education ; agricultural economics, farm-level economic analysis, and agricultural policy studied as economics -> Economics and Econometrics ; rural development, rural sociology, and developing-region agricultural/social change studied as development studies -> Development",Agricultural Systems; Agriculture and Human Values; Outlook on Agriculture,https://en.wikipedia.org/wiki/Agricultural_science,medium
1102,Agronomy and Crop Science,Agricultural and Biological Sciences,"Study of crop plants and agricultural production systems: crop breeding and genetics for yield and quality, crop physiology and management, cropping systems and farming practices, and field-crop pest/disease management as applied to production agriculture.","crop breeding and cultivar development; cropping systems and rotations; crop physiology and yield; agronomic management (irrigation, fertilization scheduling); precision agriculture and field-crop technology; seed science; sustainable/conservation farming systems","general plant biology not tied to crop production -> Plant Science ; soil chemistry, fertility, and pedology as a discipline -> Soil Science ; livestock and animal production -> Animal Science and Zoology",Agronomy Journal; Field Crops Research; Crop Science; European Journal of Agronomy,https://en.wikipedia.org/wiki/Agronomy,high
1103,Animal Science and Zoology,Agricultural and Biological Sciences,"Study of animals spanning livestock production science (breeding, nutrition, physiology, husbandry, welfare) and zoology broadly (comparative anatomy, physiology, and biology of domesticated and wild vertebrates), with a production/organismal-biology orientation. NOTE ON VETERINARY: the Veterinary field contains only Equine and Small Animals - there is no general veterinary subfield. Livestock, poultry and farmed-fish health topics belong here, not in Veterinary.","livestock breeding and genetics; animal nutrition and feeding; animal husbandry and welfare; meat and animal product quality; comparative anatomy and physiology; wildlife biology (organismal, non-ecological); reproductive biology of animals; disease, health, biosecurity and infectious pathology of livestock, poultry and farmed animals as a production concern; laboratory-animal science: husbandry, welfare, refinement and models","ecological/behavioral studies of wild animal populations and communities -> Ecology, Evolution, Behavior and Systematics ; insects and other arthropods -> Insect Science ; aquatic organisms and fisheries biology -> Aquatic Science",Journal of Animal Science; Animal; Livestock Science,https://en.wikipedia.org/wiki/Animal_science,high
1104,Aquatic Science,Agricultural and Biological Sciences,"Study of organisms and ecosystems in marine and freshwater environments, including aquatic biology, limnology, marine biology, fisheries science, and aquaculture, covering both wild aquatic populations and farmed aquatic production.",marine and freshwater biology; limnology; fisheries science and management; aquaculture and mariculture; aquatic invertebrate and vertebrate biology; aquatic ecosystem ecology; aquatic biodiversity and taxonomy,"terrestrial ecology and evolutionary biology -> Ecology, Evolution, Behavior and Systematics ; physical/chemical oceanography of water bodies -> Oceanography ; processing and quality of harvested seafood products -> Food Science",Journal of Fish Biology; Aquaculture; Limnology and Oceanography; Aquatic Sciences,https://en.wikipedia.org/wiki/Aquatic_ecosystem,high
1105,"Ecology, Evolution, Behavior and Systematics",Agricultural and Biological Sciences,"Study of relationships between organisms and their environments, evolutionary processes and phylogenetics, animal and plant behavior, and taxonomic/systematic classification of organisms across all kingdoms, spanning population, community, and ecosystem ecology plus macroevolutionary and behavioral biology. ARBITRATION vs Ecology [Environmental Science]: the study OBJECT decides. Organisms, taxa, populations and their evolution, behaviour, life history and classification belong here; the environment or ecosystem studied as a system belongs to Ecology [Environmental Science]. Evolution, phylogenetics, systematics and taxonomy are never Environmental Science. ARBITRATION vs Anthropology [Social Sciences] and Language and Linguistics [Arts and Humanities]: human cultural, social, and linguistic evolution belongs to Anthropology (3314) and Language and Linguistics (1203) respectively; this card keeps the biological evolution, phylogenetics, and behavior of organisms (including the biological basis of human evolution).",community and population ecology; evolutionary biology and phylogenetics; animal behavior and ethology; taxonomy and systematics of any taxon; biodiversity and biogeography; speciation and adaptation; conservation biology (ecological aspects),"crop- and horticultural-plant-specific physiology, breeding, and agronomy -> Plant Science ; gene-level molecular mechanisms of heredity -> Genetics ; insect-specific applied pest control and economic entomology -> Insect Science ; ecosystem processes, ecosystem services, environmental drivers and stressors, water-body and catchment ecology, or landscape-scale environmental monitoring, where the environment rather than the organism is the object of study -> Ecology ; human cultural and social evolution, and the history of human societies' customs, institutions, and social organization, as opposed to the biological evolution of organisms -> Anthropology ; the evolution, structure, and diversity of human language as a communicative/cultural system, as opposed to the biological evolution of species -> Language and Linguistics",Ecology; Evolution; Journal of Animal Ecology; Systematic Biology,https://en.wikipedia.org/wiki/Ecology,high
1106,Food Science,Agricultural and Biological Sciences,"Study of the composition, processing, preservation, safety, quality, and sensory/nutritional properties of food, including food chemistry, food microbiology, food engineering/technology, and consumer/cultural food studies.",food processing and preservation technology; food safety and quality control; food chemistry and biochemistry; food microbiology; sensory science and consumer food studies; nutritional composition of food products; food packaging and storage,"crop and plant biology upstream of harvest -> Plant Science ; clinical human nutrition and dietetics -> Nutrition and Dietetics ; field-level agricultural production practices -> Agronomy and Crop Science ; food as a cultural, social or political object - food culture and identity, food-system governance, food security policy, globalisation of diets -> Geography, Planning and Development",Journal of Food Science; Food Chemistry; Food Research International; LWT - Food Science and Technology,https://en.wikipedia.org/wiki/Food_science,high
1107,Forestry,Agricultural and Biological Sciences,"Study of forest ecosystems and their management: silviculture, forest ecology and dynamics, forest products, agroforestry, and the sustainable management, conservation, and monitoring of woodlands and tree plantations.",silviculture and forest management; forest ecology and dynamics; agroforestry systems; timber and forest products science; forest conservation and restoration; tree physiology and growth; forest inventory and remote sensing of forests,"general plant physiology unrelated to trees or forest stands -> Plant Science ; broader ecosystem/community ecology not forest-specific -> Ecology, Evolution, Behavior and Systematics",Forest Ecology and Management; Forestry; Canadian Journal of Forest Research; Agroforestry Systems,https://en.wikipedia.org/wiki/Forestry,high
1108,Horticulture,Agricultural and Biological Sciences,"Study of the cultivation, physiology, breeding, and production of garden and orchard plants: fruits, vegetables, ornamentals, and nursery crops, including horticultural science, landscape horticulture, and postharvest management.",fruit and vegetable production science; ornamental plant cultivation; nursery and greenhouse production; postharvest physiology and handling; landscape and urban horticulture; horticultural breeding and propagation; viticulture and orchard management,"broad-acre field crop agronomy (grains, oilseeds) -> Agronomy and Crop Science ; general plant molecular/physiological biology not tied to cultivated horticultural crops -> Plant Science",Scientia Horticulturae; HortScience; Postharvest Biology and Technology,https://en.wikipedia.org/wiki/Horticulture,high
1109,Insect Science,Agricultural and Biological Sciences,"Study of insects and related arthropods: their biology, physiology, behavior, ecology, and taxonomy, together with their roles as pests, pollinators, or disease vectors, and applied entomology and pest control.",insect biology and physiology; faunistic and descriptive taxonomic revision of insect groups; insect-plant interactions; insect behavior and pheromone research; integrated pest management; insect pathology and biocontrol agents; pollinator biology,"broader vertebrate animal biology and zoology -> Animal Science and Zoology ; general community/population ecology and evolutionary biology not insect-specific -> Ecology, Evolution, Behavior and Systematics ; insect studies whose contribution is phylogenetic or evolutionary - molecular phylogenetics, DNA barcoding, cryptic-species delimitation, biodiversity inventory, biogeography - where the discipline is systematics and the taxon is incidental -> Ecology, Evolution, Behavior and Systematics",Journal of Insect Science; Insect Science; Annual Review of Entomology; Journal of Economic Entomology,https://en.wikipedia.org/wiki/Entomology,high
1110,Plant Science,Agricultural and Biological Sciences,"Study of plant biology, physiology, genetics, molecular biology, growth, development, stress responses, and interactions with pathogens and the environment, spanning basic and applied botanical research not specific to a named crop- or horticultural-production context. ARBITRATION: mechanism, physiology, molecular biology and stress responses stay here even when studied in a crop species; production framing (yield, management, breeding for performance) goes to Agronomy and Crop Science; anything after harvest goes to Food Science.",plant physiology and development; plant molecular biology and genomics; plant stress and pathogen responses; plant nutrient uptake and metabolism; photosynthesis and plant biochemistry; plant-microbe interactions; plant biotechnology,"herbal/traditional medicinal use of plants -> Complementary and alternative medicine ; post-harvest food processing and quality of plant-derived foods -> Food Science ; gene-level heredity and molecular genetics mechanisms not plant-specific -> Molecular Biology ; plant taxonomy, phylogenetics, and community/population ecology -> Ecology, Evolution, Behavior and Systematics",Plant Cell; Plant Physiology; New Phytologist; Journal of Experimental Botany,https://en.wikipedia.org/wiki/Botany,high
1111,Soil Science,Agricultural and Biological Sciences,"Study of soil formation, composition, chemistry, biology, and physical properties, and their management for agricultural and land-use purposes, including soil fertility, pedology, and soil-plant nutrient relationships.",pedology and soil classification; soil chemistry and fertility; soil microbiology and biology; soil physics and hydrology; soil erosion and conservation; soil-plant nutrient cycling; land management and soil quality assessment,crop management practices beyond the soil-nutrient relationship -> Agronomy and Crop Science,Soil Biology and Biochemistry; European Journal of Soil Science; Geoderma; Plant and Soil,https://en.wikipedia.org/wiki/Soil_science,high
1200,General Arts and Humanities,Arts and Humanities,"Last-resort bucket for humanities and arts research that is genuinely interdisciplinary or does not fit cleanly into one of the other Arts and Humanities subfields (History, Philosophy, Literature, Music, Visual and Performing Arts, Archeology, Classics, Language and Linguistics, Museology, Religious studies). Covers broad humanities scholarship, cultural studies, and cross-cutting humanities theory or method.",interdisciplinary humanities scholarship; cross-cutting humanities theory and method; mythology and folklore studies; general arts scholarship and criticism; humanities pedagogy and curriculum; area/regional studies with a humanities lens; digital humanities methods,"critical/theoretical analysis of culture, identity, ideology and representation -> Cultural Studies ; interdisciplinary social research whose object is society, institutions or policy rather than humanistic interpretation -> General Social Sciences ; religion, theology and religious traditions as the object -> Religious studies",,https://en.wikipedia.org/wiki/Humanities,medium
1202,History,Arts and Humanities,"The study and narration of past human events, societies, and change over time through documentary and archival evidence. Covers political, social, cultural, intellectual, and institutional history across periods and regions, including the history of specific domains (medicine, education, religion) when the framing is historical rather than disciplinary.","political and social history; cultural and intellectual history; history of institutions and religion; regional and national historiography; history of specific domains (medicine, education) told as history; early modern and modern historical studies","history of scientific ideas, methods, and institutions specifically, and philosophy of science -> History and Philosophy of Science ; ancient Greco-Roman history and classical civilization specifically -> Classics ; archaeological excavation and material-culture methods as the primary focus -> Archeology ; collective memory, testimony and memory politics analysed through cultural theory rather than historiography -> Cultural Studies",American Historical Review; Journal of Modern History; Past & Present,https://en.wikipedia.org/wiki/History,high
1203,Language and Linguistics,Arts and Humanities,"The scientific and humanistic study of human language: its structure, meaning, use, acquisition, history, and evolution. Covers theoretical, descriptive, applied, and historical approaches to language across all levels of analysis. ARBITRATION vs Ecology, Evolution, Behavior and Systematics [Agricultural and Biological Sciences]: this card owns the evolution, structure, and diversity of human language as a communicative/cultural system; the biological evolution of non-human communication and behavior belongs to Ecology, Evolution, Behavior and Systematics (1105).","phonology, morphology, syntax, semantics, pragmatics; historical and comparative linguistics; sociolinguistics and language variation; psycholinguistics and language acquisition; computational and corpus linguistics; philology and classical language studies; language typology and evolution; translation and discourse studies","literary criticism and analysis of literary works -> Literature and Literary Theory ; pedagogy and classroom language teaching methods -> Education ; the biological evolution of non-human animal communication and behavior, studied as evolutionary biology rather than human language structure/use -> Ecology, Evolution, Behavior and Systematics",Language; Journal of Linguistics; Linguistic Inquiry; Applied Linguistics; Journal of Pragmatics,https://en.wikipedia.org/wiki/Linguistics,high
1204,Archeology,Arts and Humanities,"Study of past human societies and cultures through material remains: excavation, artifacts, sites, and monuments, spanning prehistoric to historic-period archaeology, archaeological method and science, and landscape/archaeoastronomy studies. ARBITRATION vs Archeology [Social Sciences] (3302): humanistic, art-historical, classical/philological, and heritage-as-culture interpretation of the past stays here; anthropological-method, settlement/society-focused, and archaeometric/scientific archaeology goes to the Social Sciences twin.",excavation and field archaeology; artifact and material culture analysis; prehistoric and historic-period archaeology; interpretation of dated material culture within historical and art-historical frameworks; landscape and settlement archaeology; archaeoastronomy; underwater/maritime archaeology,"documentary/textual history without a material-remains focus -> History ; classical philology and literature of ancient Greece and Rome -> Classics ; settlement-pattern, social-organization, subsistence/technology, and anthropological-method archaeology, including archaeometric and quantitative/scientific analysis, where a social-scientific rather than humanistic/historical framing is primary -> Archeology",Journal of Archaeological Science; American Journal of Archaeology; Antiquity; World Archaeology,https://en.wikipedia.org/wiki/Archaeology,high
1205,Classics,Arts and Humanities,"The study of the languages, literature, history, and culture of ancient Greece and Rome, and closely related ancient Mediterranean civilizations. Covers classical philology, ancient history, classical literature and reception, and the broader medieval/Byzantine and Renaissance traditions that carry classical influence forward.",ancient Greek and Latin literature and philology; Greco-Roman history and civilization; classical reception and tradition; Byzantine studies; medieval and early-modern continuations of classical culture; classical archaeology and material culture (textual/cultural framing),"archaeological excavation, artifact analysis, and material-culture methods as the primary focus -> Archeology ; general literary theory and literature not tied to the classical/ancient world -> Literature and Literary Theory ; general historical scholarship not centered on antiquity or its classical reception -> History",Classical Quarterly; American Journal of Philology; Journal of Roman Studies; Greece & Rome,https://en.wikipedia.org/wiki/Classics,high
1206,Conservation,Arts and Humanities,"Study and practice of preserving, conserving, and restoring cultural heritage: artworks, artifacts, monuments, and historic sites, including conservation science, heritage-materials analysis, and preventive conservation in museums and heritage institutions. This is heritage/cultural conservation, distinct from nature/biodiversity conservation.",conservation and restoration of artworks and artifacts; heritage materials science and analysis; preventive conservation in museums; conservation of historic buildings and monuments; conservation ethics and theory; digital documentation for heritage conservation,"biodiversity and nature/wildlife conservation biology -> Ecology, Evolution, Behavior and Systematics ; general museum curatorial and collections-management practice -> Museology",Studies in Conservation; Journal of the American Institute for Conservation; Heritage Science,https://en.wikipedia.org/wiki/Conservation_and_restoration_of_cultural_heritage,medium
1207,History and Philosophy of Science,Arts and Humanities,"Study of the historical development of scientific ideas, institutions, and practices, and the philosophical examination of scientific method, knowledge, and reasoning, including the history of specific scientific disciplines and the intellectual/biographical history of scientists.","history of specific sciences (physics, medicine, biology, etc.); philosophy of science and scientific method; history of scientific institutions and practice; biographical/intellectual history of scientists; epistemology of scientific knowledge; historical science-and-society studies",general philosophy not focused on science -> Philosophy ; teaching/pedagogy of a discipline (e.g. history of mathematics education framed as instructional practice) -> Education,Isis; British Journal for the Philosophy of Science; Studies in History and Philosophy of Science,https://en.wikipedia.org/wiki/History_and_philosophy_of_science,high
1208,Literature and Literary Theory,Arts and Humanities,"The study, interpretation, and theorization of literary texts across languages and periods. Covers literary criticism and theory, national and comparative literatures, literary history, and discourse/narrative analysis applied to literary or cultural texts.","literary criticism and theory; national and comparative literature; literary history and periodization; narrative and discourse analysis of texts; postcolonial and cultural literary studies; literature in media and adaptation studies (film, digital, transmedia)","ancient Greco-Roman literature and philology specifically -> Classics ; general linguistics not focused on literary texts -> Language and Linguistics ; literacy pedagogy, reading/writing instruction and language-of-instruction policy -> Education",PMLA; Comparative Literature; New Literary History,https://en.wikipedia.org/wiki/Literary_theory,high
1209,Museology,Arts and Humanities,"The theory and practice of museums, cultural heritage, and collections. Covers museum studies and curation, cultural heritage preservation and interpretation, exhibition design, and the broader study of material and visual culture as it relates to collecting and public display.","museum studies and curation; cultural heritage preservation and interpretation; exhibition design and practice; collections management; material and visual culture studies tied to display/heritage; display, conservation and interpretation of craft and design heritage in collections",archaeological excavation and artifact analysis as the primary focus (as opposed to museum display/heritage interpretation) -> Archeology ; conservation science/technique for heritage objects as a technical discipline -> Conservation,Museum Management and Curatorship; Museum International; Journal of Museum Education,https://en.wikipedia.org/wiki/Museology,high
1210,Music,Arts and Humanities,"The study, history, theory, and practice of music, including musicology, composition, performance, and the cultural and educational dimensions of musical life.",music theory and analysis; music history and historiography; ethnomusicology; composition and performance studies; music psychology and cognition; music education; organology and instrument studies,film/screen soundtrack and multimedia performance studies -> Visual Arts and Performing Arts,Journal of the American Musicological Society; Music Theory Spectrum; Ethnomusicology; Journal of Music Theory,https://en.wikipedia.org/wiki/Musicology,high
1211,Philosophy,Arts and Humanities,"The systematic study of fundamental questions about knowledge, existence, value, and reason. Covers ethics, epistemology, metaphysics, logic, and the major historical and contemporary traditions of philosophical thought, including rhetoric and argumentation when framed philosophically.",ethics and moral philosophy; epistemology and metaphysics; logic and argumentation; history of philosophy and philosophical traditions; philosophy of mind and language; rhetoric and philosophical discourse analysis,"philosophy specifically of scientific method, knowledge, and practice, and the history of science -> History and Philosophy of Science",Mind; Journal of Philosophy; Philosophical Review; Ethics,https://en.wikipedia.org/wiki/Philosophy,high
1212,Religious studies,Arts and Humanities,"The academic, comparative, and historical study of religions, religious traditions, beliefs, institutions, and practices, including theology as an object of scholarly study rather than devotional practice. Covers world religions, new and emerging religious movements, and the history and sociology of religion.",comparative religion; theology and religious philosophy; history of religions and denominations; sociology and anthropology of religion; religious movements and revivalism; sacred texts and scripture studies; religious ethics,"religion, ritual, or belief analyzed primarily as a cultural-identity, popular-culture, or media-representation phenomenon rather than as an object of comparative-religion, theological, or historical-religious scholarship -> Cultural Studies ; ethnographic fieldwork on a society's total kinship, ritual, and social organization, where religious practice is one component of a broader anthropological account rather than the primary object of study -> Anthropology ; documentary/political history of religious institutions, denominations, or events studied as historical narrative rather than as comparative or theological religious studies -> History",Journal of Religion; Religious Studies; Journal for the Scientific Study of Religion; Numen,https://en.wikipedia.org/wiki/Religious_studies,high
1213,Visual Arts and Performing Arts,Arts and Humanities,"The study, history, theory, and practice of visual arts (painting, sculpture, photography, film, design) and performing arts (theatre, dance, performance), including art criticism, aesthetics, and visual/material culture.",art history and theory; film and cinema studies; theatre and drama studies; dance studies; visual and material culture studies; aesthetics and art criticism; art education; curatorial and museum studies,"music composition, theory, and musicology -> Music",Art Bulletin; October; Theatre Journal; Dance Research Journal,https://en.wikipedia.org/wiki/Visual_arts,high
1302,Aging,"Biochemistry, Genetics and Molecular Biology","The biology of aging and senescence at molecular, cellular, and organismal levels, including the mechanisms that drive age-related decline and the pathways that modulate lifespan and healthspan.","cellular senescence; telomere biology; longevity and lifespan-extension pathways (sirtuins, mTOR, IGF-1); geroscience and biomarkers of aging; oxidative stress and aging; model-organism aging studies (yeast, worm, fly, mouse); age-related molecular and epigenetic changes",clinical geriatric care and patient management -> Geriatrics and Gerontology,Aging Cell; Aging (Albany NY); GeroScience; Mechanisms of Ageing and Development,https://en.wikipedia.org/wiki/Senescence,high
1303,Biochemistry,"Biochemistry, Genetics and Molecular Biology","The chemistry of biological molecules and processes: enzyme mechanisms, metabolic pathways, and the structure and reactivity of proteins, lipids, carbohydrates, and nucleic acids, studied primarily at the chemical/biophysical level rather than through gene regulation. ARBITRATION vs Biochemistry [Medicine]: fundamental, mechanism-first chemistry of biomolecules (enzyme kinetics, metabolic pathway chemistry, bioenergetics) studied for its own biochemical interest stays here; biochemistry framed around a human disease mechanism, disease biomarker, or clinical/biomedical outcome belongs to Biochemistry [Medicine].","enzyme kinetics and catalytic mechanisms; metabolic pathways and metabolomics; protein biochemistry and structure; lipid, carbohydrate, and nucleic acid chemistry; bioenergetics; biochemical analytical and assay methods",gene expression and transcriptional/translational regulation mechanisms -> Molecular Biology ; diagnostic and disease-marker biochemistry in a clinical/lab-medicine context -> Clinical Biochemistry ; biochemistry framed around a human disease MECHANISM or clinical outcome (laboratory diagnostics and assay-based disease markers go to Clinical Biochemistry instead) -> Biochemistry,Journal of Biological Chemistry; Biochemistry; Biochemical Journal; FEBS Journal,https://en.wikipedia.org/wiki/Biochemistry,high
1304,Biophysics,"Biochemistry, Genetics and Molecular Biology","The application of physical principles, methods, and instrumentation to biological molecules and systems, including structural biology, biomolecular dynamics, and quantitative biophysical measurement.","structural biology (X-ray crystallography, cryo-EM, NMR); molecular dynamics and computational biophysics; membrane and single-molecule biophysics; bioenergetics and biophysical chemistry; biomechanics at the molecular/cellular scale; spectroscopic and imaging biophysical methods",clinical medical imaging devices and instrumentation -> Biomedical Engineering,Biophysical Journal; Journal of Molecular Biology; Nature Structural & Molecular Biology; Biophysical Reviews,https://en.wikipedia.org/wiki/Biophysics,high
1305,Biotechnology,"Biochemistry, Genetics and Molecular Biology","The applied use of biological systems, organisms, or their components to develop products, processes, and industrial technologies, spanning fermentation, bioprocessing, enzyme engineering, and applied microbial/agricultural biotechnology.","industrial fermentation and bioprocessing; enzyme engineering and industrial applications; biotechnological process and product engineering (including with microbial hosts) where the engineered product or process design, not the microbe's own biology or cultivation, is the contribution; natural product discovery and bioprospecting where the engineered production process or product is the contribution; recombinant protein and antibody production; agricultural and food biotechnology","basic mechanistic gene-function research without an applied/product goal -> Molecular Biology ; medical devices and biomaterials for clinical use -> Biomedical Engineering ; work in which an assay, purification or culture protocol is merely the method - an applied product, process or industrial goal is what makes a topic Biotechnology -> Biochemistry ; bioprospecting and natural-product work where the producing organism is a microorganism and the contribution is the microbial process or its cultivation -> Applied Microbiology and Biotechnology",Biotechnology and Bioengineering; Trends in Biotechnology; Applied Microbiology and Biotechnology; Journal of Biotechnology,https://en.wikipedia.org/wiki/Biotechnology,high
1306,Cancer Research,"Biochemistry, Genetics and Molecular Biology","The biology of cancer: oncogenesis, tumor biology, cancer genomics, metastasis, and the molecular and cellular mechanisms specific to malignant transformation and tumor progression, spanning basic and translational research.",oncogenes and tumor-suppressor pathways; tumor microenvironment and metastasis; cancer genomics and mutational landscapes; cancer cell signaling and carcinogenesis; cancer biomarkers; basic tumor immunology,"gene-regulation mechanisms not specific to cancer -> Molecular Biology ; clinical oncology treatment, trials, and patient management -> Oncology",Cancer Research; Nature Reviews Cancer; Cancer Cell; Oncogene,https://en.wikipedia.org/wiki/Cancer_research,high
1307,Cell Biology,"Biochemistry, Genetics and Molecular Biology","The structure, organization, and function of cells and their organelles, including intracellular processes such as signaling, division, transport, and adhesion studied at the whole-cell level. ARBITRATION vs Genetics [Biochemistry, Genetics and Molecular Biology]: general, cross-cutting whole-cell and whole-organism biology of a research model system belongs here; the same model system studied through a genetic-screen or genomics-centred lens belongs to Genetics. ARBITRATION vs Developmental Biology [Biochemistry, Genetics and Molecular Biology]: embryogenesis, morphogenesis, and organogenesis studied for their own sake belong to Developmental Biology (1309); this card keeps general cell-level structure/function and cross-cutting model-organism biology.","organelle structure and function; cytoskeleton and cell motility; cell signaling pathways; cell cycle and division; membrane trafficking and vesicular transport; cell adhesion and junctions; stem cell biology; cellular stress responses; general whole-cell and whole-organism biology of research model systems, studied broadly rather than through any single downstream application","DNA/RNA-level mechanisms of transcription, replication, and gene regulation -> Molecular Biology ; embryogenesis, morphogenesis, organogenesis and other developmental-biology processes studied for their own sake -> Developmental Biology",Journal of Cell Biology; Cell; Nature Cell Biology; Molecular Biology of the Cell,https://en.wikipedia.org/wiki/Cell_biology,high
1308,Clinical Biochemistry,"Biochemistry, Genetics and Molecular Biology","The biochemical basis of disease as applied in clinical diagnostics: laboratory analysis of blood and body-fluid biomarkers, clinical enzymology, and biochemical methods used in laboratory medicine.",clinical biomarkers and diagnostic assays; clinical enzymology; laboratory medicine and biochemical testing methods; reference intervals and analytical validation; point-of-care biochemical testing; biochemical disease-marker discovery,"basic, non-clinical enzyme and metabolic chemistry -> Biochemistry",Clinical Chemistry; Clinical Biochemistry; Annals of Clinical Biochemistry; Clinica Chimica Acta,https://en.wikipedia.org/wiki/Clinical_chemistry,high
1309,Developmental Biology,"Biochemistry, Genetics and Molecular Biology","The biological processes by which organisms grow and develop from fertilization to maturity, including embryogenesis, morphogenesis, cell-fate determination, and organogenesis. ARBITRATION vs Cell Biology [Biochemistry, Genetics and Molecular Biology]: this card owns embryogenesis, morphogenesis, and organogenesis; general whole-cell/whole-organism biology of a model system where development is not the specific focus belongs to Cell Biology (1307).",embryogenesis; morphogenesis and pattern formation; cell-fate determination and differentiation; organogenesis; developmental signaling pathways; regeneration biology; evolutionary developmental biology (evo-devo),adult stem-cell biology and regenerative medicine applications outside a developmental context -> Cell Biology ; gene-regulatory mechanism studies without a developmental focus -> Molecular Biology ; biology of a research model system where development is not the specific focus (general whole-cell/whole-organism or genetic/genomic framing) -> Cell Biology,Development; Developmental Biology; Developmental Cell; Genes & Development,https://en.wikipedia.org/wiki/Developmental_biology,high
1310,Endocrinology,"Biochemistry, Genetics and Molecular Biology","The biology of hormones and endocrine glands: hormone synthesis, secretion, and signaling, and the endocrine regulation of metabolism, growth, and physiology, including molecular mechanisms of hormone action.","hormone signaling and receptor biology; endocrine gland physiology; metabolic hormone regulation (insulin, thyroid, steroid hormones); neuroendocrinology; reproductive endocrinology; endocrine disruptors","clinical management of endocrine disease (diabetes, thyroid disorders) -> Endocrinology, Diabetes and Metabolism ; general (non-hormonal) metabolic biochemistry -> Biochemistry ; clinical diabetes, obesity, thyroid and metabolic disease management -> Endocrinology, Diabetes and Metabolism ; neuroendocrine and autonomic control of physiological state and behaviour -> Endocrine and Autonomic Systems",Endocrinology; Journal of Clinical Endocrinology & Metabolism; Molecular and Cellular Endocrinology; Trends in Endocrinology & Metabolism,https://en.wikipedia.org/wiki/Endocrinology,medium
1311,Genetics,"Biochemistry, Genetics and Molecular Biology","The study of heredity, gene function, and genetic variation, including classical and population genetics, genomics, genetic epidemiology, and applied genetics in humans, animals, and plants. ARBITRATION vs Genetics [Medicine]: basic heredity, population/quantitative genetics, genomics methodology, and non-human (animal/plant/livestock) genetics stay here; human clinical genetics, hereditary-disease diagnosis, genetic testing/counseling, and gene-disease association work framed around patient risk belong to Genetics [Medicine].","population and quantitative genetics; genetic epidemiology and GWAS; genomics and genome analysis; heredity and inheritance patterns; forensic genetics; genetic diversity and structure within and between populations of a species; human, animal, and livestock genetics","molecular/biochemical mechanisms of gene expression and regulation -> Molecular Biology ; evolutionary and ecological processes of genetic variation in natural populations -> Ecology, Evolution, Behavior and Systematics ; human clinical/medical genetics: hereditary disease diagnosis, genetic testing and counseling, and gene-disease association studies framed around individual patient risk or health outcome -> Genetics",Nature Genetics; Genetics; American Journal of Human Genetics; PLOS Genetics,https://en.wikipedia.org/wiki/Genetics,high
1312,Molecular Biology,"Biochemistry, Genetics and Molecular Biology","The molecular mechanisms underlying gene expression, protein structure and function, and signal transduction at the DNA/RNA/protein level, including transcriptional and translational regulation, RNA biology, and molecular signaling pathways.",gene expression and transcriptional regulation; protein structure-function and protein-protein interactions; signal transduction pathways; RNA biology; epigenetics; molecular mechanisms of disease; receptor and enzyme molecular mechanisms,whole-cell and organelle-level processes -> Cell Biology ; heredity and population-level genetic variation -> Genetics ; chemistry of metabolism and small-molecule biochemistry -> Biochemistry ; cancer-specific oncogenic mechanisms -> Cancer Research ; drug-receptor pharmacodynamics and pharmacokinetics -> Pharmacology ; plant-specific molecular processes -> Plant Science,Molecular Cell; Cell; Nature; EMBO Journal; Journal of Biological Chemistry,https://en.wikipedia.org/wiki/Molecular_biology,high
1313,Molecular Medicine,"Biochemistry, Genetics and Molecular Biology","Research that applies molecular-biology mechanisms and tools to understand, diagnose, and treat human disease. Covers the translational bridge between basic molecular/cell biology and clinical application: disease-causing molecular pathways, molecular diagnostics and biomarkers, gene- and cell-based therapies, and precision/personalized medicine.",translational research; molecular diagnostics and biomarkers; gene therapy and cell therapy; precision/personalized medicine; molecular pathology of disease; genomic medicine; targeted drug mechanisms; disease models at the molecular level,basic molecular biology mechanisms with no disease/clinical framing -> Molecular Biology ; normal (non-disease) organ/system function -> Physiology ; cancer-specific molecular biology and oncogenesis -> Cancer Research,Molecular Medicine; EMBO Molecular Medicine; Trends in Molecular Medicine; Journal of Molecular Medicine,https://en.wikipedia.org/wiki/Molecular_medicine,high
1314,Physiology,"Biochemistry, Genetics and Molecular Biology","The study of how organisms, organs, tissues, and cells function under normal (non-disease) conditions. Encompasses cellular, systems, comparative, and integrative physiology across cardiovascular, respiratory, renal, endocrine, neuromuscular, and exercise domains, in humans and other organisms. ARBITRATION vs Physiology [Medicine]: comparative, cross-species, cellular/systems-mechanism physiology (including non-human organisms) stays here; human, clinical/applied, and non-disease functional-status physiology (nutrition, aging, exercise physiology of patients) belongs to Physiology [Medicine].",cellular and systems physiology; cardiovascular and respiratory physiology; endocrine and metabolic physiology; exercise and environmental physiology; comparative/animal physiology; neurophysiology (systems level); homeostasis and regulatory mechanisms,"disease mechanisms and molecular pathology -> Molecular Medicine ; anatomical structure without functional focus -> Anatomy ; structural/molecular determinants of macromolecule function -> Structural Biology ; human clinical/applied physiology tied directly to organ-system disease management, or physiology research whose framing is a specific patient population or clinical-practice context -> Physiology",American Journal of Physiology; The Journal of Physiology; Physiological Reviews; Acta Physiologica,https://en.wikipedia.org/wiki/Physiology,high
1315,Structural Biology,"Biochemistry, Genetics and Molecular Biology","The determination and interpretation of the three-dimensional structure of biological macromolecules (proteins, nucleic acids, complexes) and how structure relates to function. Includes experimental structure-determination methods and structure-based mechanistic/functional analysis.",X-ray crystallography; cryo-electron microscopy; NMR of biomolecules; protein structure-function relationships; macromolecular complexes; structural bioinformatics/modeling; membrane protein structure,purely biophysical/theoretical modeling without structural determination focus -> Biophysics ; sequence-based genomics/genetics without 3D structure focus -> Genetics ; disease-oriented molecular mechanisms -> Molecular Medicine,Structure; Journal of Structural Biology; Nature Structural & Molecular Biology; Acta Crystallographica Section D,https://en.wikipedia.org/wiki/Structural_biology,high
1402,Accounting,"Business, Management and Accounting","The study of financial and managerial accounting: how organizations measure, record, report, and audit financial information, and how accounting information affects decisions, governance, and markets. Includes financial reporting, auditing, taxation, and management accounting.",financial reporting and disclosure; auditing and assurance; corporate taxation and tax avoidance; managerial/cost accounting; earnings management; corporate governance disclosure; accounting information systems (accounting side),"investment, asset pricing, and corporate financial decisions -> Finance ; overall firm strategy and competitive positioning -> Strategy and Management","The Accounting Review; Journal of Accounting Research; Journal of Accounting and Economics; Accounting, Organizations and Society",https://en.wikipedia.org/wiki/Accounting,high
1403,Business and International Management,"Business, Management and Accounting","Management research with a cross-border, comparative, or global dimension: multinational enterprise strategy, international business operations, cross-cultural management, and comparative management systems across countries.",multinational enterprise (MNE) strategy; international market entry and expansion; cross-cultural management; global supply chain and operations management; comparative management practices across countries; foreign direct investment; international trade management,"single-country/domestic firm strategy and general management practice with no cross-border, comparative, or global dimension -> Strategy and Management ; management, marketing, and operations of the tourism, travel, or hospitality industries, even when studied cross-nationally -> Tourism, Leisure and Hospitality Management ; employment relations, collective bargaining, and labor-management negotiation, even in a multinational or comparative setting -> Industrial relations ; macro-level economic growth, trade theory, and econometric modeling of cross-country economic phenomena, where economics rather than firm-level management strategy is the object -> Economics and Econometrics ; the sociological study of organizations, work, and economic life as social institutions, rather than the applied cross-border management-strategy question -> Sociology and Political Science",Journal of International Business Studies; International Business Review; Journal of World Business,https://en.wikipedia.org/wiki/International_business,high
1404,Management Information Systems,"Business, Management and Accounting","The management, adoption, and organizational impact of information systems and digital technologies within firms. Covers enterprise systems, business intelligence and analytics, IT governance and value, digital transformation, and technology-enabled supply chain/operations management.",ERP systems implementation; business intelligence and big data analytics (business use); IT governance and IT value; e-business/digital transformation; supply chain and operations technology adoption; outsourcing of IT/business processes; decision support systems,core computer-science development of information-system technologies/algorithms -> Information Systems ; supply chain/inventory operations research without an IS/technology focus -> Management Science and Operations Research,MIS Quarterly; Information Systems Research; Journal of Management Information Systems; European Journal of Information Systems,https://en.wikipedia.org/wiki/Management_information_system,high
1405,Management of Technology and Innovation,"Business, Management and Accounting","The management of innovation processes and technological change within and across organizations: how firms generate, adopt, and commercialize new technologies and products, and how innovation is organized, funded, and diffused.",R&D management; innovation strategy and processes; technology adoption and diffusion; new product development; open innovation and technology transfer; innovation ecosystems and entrepreneurship; patents and technology commercialization (management view),macro-level economics of innovation and technological change -> Economics and Econometrics ; general corporate strategy without a technology/innovation focus -> Strategy and Management,Research Policy; Technovation; Journal of Product Innovation Management; IEEE Transactions on Engineering Management,https://en.wikipedia.org/wiki/Innovation_management,medium
1406,Marketing,"Business, Management and Accounting","The study of how firms create, communicate, and deliver value to customers, and how consumers perceive, choose, and respond to products, brands, and prices. Covers consumer behavior, marketing strategy, branding and advertising, market research, and retail.",consumer behavior and decision-making; branding and advertising; pricing and market research; retail and channel management; digital/social media marketing; sustainability and marketing; packaging and product perception,economic/econometric modeling of consumer choice without a marketing-management lens -> Economics and Econometrics,Journal of Marketing; Journal of Consumer Research; Journal of Marketing Research; Journal of the Academy of Marketing Science,https://en.wikipedia.org/wiki/Marketing,high
1407,Organizational Behavior and Human Resource Management,"Business, Management and Accounting","The study of individual and group behavior within organizations, and the management of people through HR practices. Covers leadership, motivation, job attitudes, organizational culture and change, and human resource functions such as recruitment, training, performance, and talent management.",leadership and management style; job satisfaction and employee motivation; organizational culture and change; human resource management and talent management; organizational learning; teams and group dynamics; workplace diversity and well-being,firm-level competitive strategy and corporate-level decisions -> Strategy and Management,Journal of Applied Psychology; Academy of Management Journal; Human Resource Management Journal; Journal of Organizational Behavior,https://en.wikipedia.org/wiki/Organizational_behavior,high
1408,Strategy and Management,"Business, Management and Accounting","The study of firm-level strategy, competitive advantage, and general management: how organizations formulate and execute strategy, compete, grow, and govern themselves. Includes corporate strategy, competitive analysis, knowledge management, and broad management topics not specific to a functional area (marketing, HR, accounting, IS).","corporate and competitive strategy; business model innovation; knowledge management; corporate governance (strategic view); mergers, acquisitions and diversification; entrepreneurship at firm-strategy level; general management topics; corporate social responsibility, business ethics and sustainability strategy as firm management","employee-level behavior, leadership style, and HR practices -> Organizational Behavior and Human Resource Management ; technology/innovation-specific management -> Management of Technology and Innovation ; financial reporting and accounting practices -> Accounting ; environmental regulation, impact assessment and environmental policy instruments as the object -> Management, Monitoring, Policy and Law",Strategic Management Journal; Academy of Management Review; Journal of Management; Long Range Planning,https://en.wikipedia.org/wiki/Strategic_management,high
1409,"Tourism, Leisure and Hospitality Management","Business, Management and Accounting","Management and business research on the tourism, travel, hospitality, and leisure industries: hotel and restaurant management, destination management and marketing, tourist behavior, and leisure/recreation management.",hotel and hospitality management; destination marketing and management; tourist behavior and experience; leisure and recreation management; sustainable tourism and ecotourism; events and MICE tourism; hospitality operations and service quality,"general international/cross-border management strategy not specific to the tourism, travel, or hospitality industries -> Business and International Management ; employment relations, collective bargaining, and labor-management negotiation within the tourism/hospitality workforce -> Industrial relations ; geographic/spatial analysis of destinations, travel flows, and tourism regions, where geographic method rather than management/marketing framing is the object -> Geography, Planning and Development ; macro-level economic analysis of tourism's contribution to national accounts, trade, or growth, treated as economics rather than industry management -> Economics and Econometrics ; the sociological study of tourism, leisure, and travel as consumption practice and social behavior, rather than as industry management and marketing -> Sociology and Political Science",Tourism Management; Annals of Tourism Research; Journal of Sustainable Tourism; International Journal of Hospitality Management,https://en.wikipedia.org/wiki/Tourism_management,high
1410,Industrial relations,"Business, Management and Accounting","The study of employment relationships between employers, employees, and their collective representatives: labor unions, collective bargaining, workplace conflict, labor law and policy, and employment negotiation systems.",collective bargaining and trade unions; labor-management relations; labor law and policy; strikes and industrial conflict; workplace dispute resolution; employment negotiation; comparative labor relations systems,"general cross-border management strategy and business operations without a labor/employment-relations focus -> Business and International Management ; individual-level organizational behavior and human-resource practices (recruitment, performance management, motivation) not focused on collective bargaining or union relations -> Organizational Behavior and Human Resource Management ; doctrinal analysis of labor statutes, case law, and legal frameworks as an object of legal scholarship -> Law ; broad sociological theory of class, work, and social structure not focused on the specific institutional mechanics of unions, collective bargaining, or labor law -> Sociology and Political Science",British Journal of Industrial Relations; Industrial Relations: A Journal of Economy and Society; Industrial and Labor Relations Review,https://en.wikipedia.org/wiki/Industrial_relations,high
1502,Bioengineering,Chemical Engineering,"The chemical-engineering side of biological engineering: the design and analysis of bioprocesses and bio-based production systems. Covers bioreactors and fermentation, downstream bioprocessing, biocatalysis at process scale, and biomolecular/metabolic engineering for industrial production.",bioreactor and fermentation design; downstream bioprocessing and bioseparations; metabolic and biomolecular engineering; biofuel and bio-based chemical production processes; enzyme/biocatalytic process engineering; tissue/cell culture bioprocessing at scale,"medical devices, implants, biomechanics, and diagnostic/imaging technology -> Biomedical Engineering ; catalytic chemistry and catalyst design not centered on bioprocesses -> Catalysis ; fuel properties, upgrading, and combustion behavior of biofuels (as opposed to the bioprocess/production engineering of making them) -> Fuel Technology",Biotechnology and Bioengineering; Bioprocess and Biosystems Engineering; Journal of Biotechnology; Biochemical Engineering Journal,https://en.wikipedia.org/wiki/Bioprocess_engineering,medium
1503,Catalysis,Chemical Engineering,"The study and engineering of catalytic materials and catalytic reaction processes: how catalysts are designed, characterized, and applied to accelerate and control chemical reactions at bench and industrial scale. Includes heterogeneous, homogeneous, and enzymatic catalysis and catalytic reactor/process engineering.",heterogeneous and homogeneous catalysis; catalyst synthesis and characterization; catalytic reaction mechanisms and kinetics; catalytic reactor design; photocatalysis and electrocatalysis (process view); catalysis for energy/fuel conversion,catalytic nanomaterials/nanoparticles designed for drug delivery or in-body biomedical devices -> Biomedical Engineering ; bioprocess-scale biocatalysis and fermentation -> Bioengineering,Journal of Catalysis; Applied Catalysis B: Environmental; ACS Catalysis; Catalysis Today,https://en.wikipedia.org/wiki/Catalysis,high
1504,Chemical Health and Safety,Chemical Engineering,"The study of health, safety, and hazard management in the handling, processing, and industrial use of chemicals. Covers process safety, hazard and risk analysis, chemical exposure and toxicity in occupational settings, and regulatory/hygiene practice for chemical operations.",process safety and hazard analysis; chemical exposure and occupational toxicology; accident/incident analysis in chemical plants; risk assessment for chemical processes; chemical hygiene and regulatory compliance; loss prevention engineering,"general environmental/ecological toxicology unrelated to industrial process safety -> Health, Toxicology and Mutagenesis",Journal of Loss Prevention in the Process Industries; Process Safety and Environmental Protection; Journal of Hazardous Materials,https://en.wikipedia.org/wiki/Process_safety,medium
1506,Filtration and Separation,Chemical Engineering,"The engineering of processes that separate mixtures into components at bench and industrial scale. Covers filtration, membrane separation, distillation, extraction, adsorption, and particle/solid-liquid separation, including the equipment and process design for these operations.",membrane separation and filtration; distillation and extraction; adsorption processes; particle and solid-liquid separation; crystallization as a separation step; process-scale chromatography,analytical-scale chromatography used for chemical analysis/identification -> Analytical Chemistry ; general fluid transport phenomena not tied to a separation operation -> Fluid Flow and Transfer Processes,Separation and Purification Technology; Journal of Membrane Science; Chemical Engineering Research and Design,https://en.wikipedia.org/wiki/Separation_process,high
1507,Fluid Flow and Transfer Processes,Chemical Engineering,"The study of transport phenomena in chemical engineering systems: fluid flow, heat transfer, and mass transfer, including multiphase flow and their coupling in reactors and process equipment. Covers both fundamental transport theory and its application to process design.",fluid mechanics in process equipment; heat transfer in reactors and exchangers; mass transfer operations; multiphase and granular flow; computational fluid dynamics for process systems; momentum/energy/mass transport coupling,"separation-specific unit operations (membranes, distillation, filtration) -> Filtration and Separation ; general/aerospace/mechanical fluid dynamics without a chemical-process context -> Mechanical Engineering",International Journal of Heat and Mass Transfer; Chemical Engineering Science; AIChE Journal; Powder Technology,https://en.wikipedia.org/wiki/Transport_phenomena,high
1508,Process Chemistry and Technology,Chemical Engineering,"The industrial and process-scale side of chemical engineering: how chemical transformations are designed, scaled up, and run as production processes. Covers reaction engineering, separation and purification processes, process design/simulation/optimization, and plant-level operation and safety.","reaction engineering; separation processes (distillation, extraction, membrane separation); process design, simulation and optimization; process intensification and scale-up; industrial/applied catalysis at process scale; chemical plant and process safety; green/sustainable process technology",molecular-level catalyst design and mechanism studies -> Physical and Theoretical Chemistry ; materials synthesis and characterization as an end in itself -> Materials Chemistry,Chemical Engineering Science; Industrial & Engineering Chemistry Research; Chemical Engineering Journal; Process Safety and Environmental Protection,https://en.wikipedia.org/wiki/Process_engineering,medium
1602,Analytical Chemistry,Chemistry,"Development and application of methods and instrumentation to detect, separate, and quantify chemical species in complex samples. Spans chromatography, electroanalytical and sensor-based methods, sample preparation, and analytical method validation across environmental, biological, pharmaceutical, and materials samples.","chromatography (GC, LC, HPLC); mass spectrometry used for quantification/identification; chemical and biosensors; electroanalytical/voltammetric methods; sample preparation and extraction techniques; chemometrics and analytical data processing; method validation and quality control; trace and residue analysis","structure elucidation where a spectroscopic technique itself is the research focus -> Spectroscopy ; electrochemical energy conversion/storage research (batteries, fuel cells, corrosion) -> Electrochemistry ; synthesis of new organic or inorganic compounds -> Organic Chemistry",Analytical Chemistry; Analytica Chimica Acta; Talanta; Journal of Chromatography A,https://en.wikipedia.org/wiki/Analytical_chemistry,high
1603,Electrochemistry,Chemistry,"Chemistry of electron-transfer processes at electrode-electrolyte interfaces. Covers energy storage and conversion devices, electrocatalysis, corrosion, and electrodeposition, as well as the fundamental electrochemical mechanisms behind them.",batteries and other energy storage electrochemistry; fuel cells and electrolyzers; electrocatalysis; corrosion science and protection; electrodeposition and electroplating; supercapacitors; electrode materials and interfaces; electrochemical sensor mechanisms,"routine use of electroanalytical techniques purely for sample quantification -> Analytical Chemistry ; battery/electrode materials research focused on bulk materials structure rather than electrochemical function -> Materials Chemistry ; energy-storage system and grid-integration engineering (battery pack/module design, battery management systems, grid-scale storage integration) as opposed to the electrochemical mechanism itself -> Energy Engineering and Power Technology ; alloy microstructure and metallurgical-processing-centric corrosion studies (as opposed to mechanism-centric corrosion/protection chemistry) -> Metals and Alloys",Journal of the Electrochemical Society; Electrochimica Acta; Journal of Power Sources; Journal of Electroanalytical Chemistry,https://en.wikipedia.org/wiki/Electrochemistry,high
1604,Inorganic Chemistry,Chemistry,"Chemistry of inorganic and organometallic compounds, including their synthesis, structure, bonding, and reactivity. Covers coordination chemistry, main-group element chemistry, bioinorganic chemistry, and molecular metal-complex catalysts. ARBITRATION vs Drug Discovery [Pharmacology, Toxicology and Pharmaceutics]: this card owns the fundamental synthesis, structure, and reactivity chemistry of metal/coordination compounds; metal-based compounds designed and evaluated as candidate therapeutic drugs belong to Drug Discovery (3002).",coordination chemistry; organometallic chemistry; main-group element chemistry; bioinorganic chemistry; metal complex synthesis and reactivity; inorganic reaction mechanisms; metal cluster chemistry,"carbon-based molecule synthesis with no metal-centered focus -> Organic Chemistry ; bulk/solid-state inorganic materials engineered for a functional property (semiconductors, ceramics, nanomaterials) -> Materials Chemistry ; metal-based compounds designed and optimized as therapeutic drug candidates (metal-drug design, structure-activity work aimed at discovering a therapeutic agent) -> Drug Discovery",Inorganic Chemistry; Dalton Transactions; Journal of Organometallic Chemistry; Coordination Chemistry Reviews,https://en.wikipedia.org/wiki/Inorganic_chemistry,high
1605,Organic Chemistry,Chemistry,"Study, synthesis, and reactivity of carbon-based compounds. Covers synthetic methodology, total synthesis, heterocyclic and natural-product chemistry, and synthesis-and-evaluation work that stops short of dedicated medicinal chemistry.",total synthesis; synthetic methodology development; heterocyclic chemistry; natural product synthesis and isolation; organocatalysis; stereochemistry; structure-activity relationship synthesis; organophosphorus/organosulfur chemistry,"metal-centered coordination/organometallic compounds studied for their own bonding and structure -> Inorganic Chemistry ; bulk or functional materials synthesis (polymers as materials, nanomaterials) -> Materials Chemistry ; papers whose core contribution is drug design, structure-activity relationship (SAR), or target-driven medicinal chemistry, where synthesis is a means to that end rather than the contribution itself -> Drug Discovery",Journal of the American Chemical Society; Organic Letters; Angewandte Chemie; Journal of Organic Chemistry,https://en.wikipedia.org/wiki/Organic_chemistry,high
1606,Physical and Theoretical Chemistry,Chemistry,"Fundamental physical and computational study of chemical systems: how molecules are structured, bonded, and how they react and transform, described through theory, computation, and physical measurement.",quantum and computational chemistry; chemical kinetics; chemical thermodynamics; molecular dynamics simulation; statistical mechanics of chemical systems; reaction mechanism theory; density functional theory (DFT) studies,experimental structure determination where a spectroscopic technique is the primary output -> Spectroscopy ; electron-transfer/electrode-centered electrochemical systems -> Electrochemistry,Journal of Physical Chemistry A/B; Journal of Chemical Physics; Physical Chemistry Chemical Physics; Journal of Chemical Theory and Computation,https://en.wikipedia.org/wiki/Physical_chemistry,high
1607,Spectroscopy,Chemistry,"Use of spectroscopic methods to probe molecular structure, dynamics, and composition. Covers NMR, IR/Raman, UV-Vis/fluorescence, and chiroptical techniques where the spectroscopic method and the structural insight it yields are the research focus.",NMR spectroscopy; IR and Raman spectroscopy; UV-Vis and fluorescence spectroscopy; chiroptical/circular dichroism methods; spectroscopic structure elucidation; spectroscopic instrumentation and technique development,routine quantitative analysis or method validation using spectroscopic instruments -> Analytical Chemistry ; purely computational prediction of spectra without experimental measurement -> Physical and Theoretical Chemistry,Journal of Molecular Spectroscopy; Spectrochimica Acta Part A; Applied Spectroscopy; Journal of Raman Spectroscopy,https://en.wikipedia.org/wiki/Spectroscopy,high
1702,Artificial Intelligence,Computer Science,"Research on the theory, algorithms, and methods for building systems that learn, reason, or act intelligently: machine learning and deep learning, neural network architectures, statistical and computational modeling of learning, knowledge representation and reasoning, search and planning, and general-purpose learning methods (including graph learning, topic modeling, and data-driven modeling with tools like R/Python). Because AI methods are used across nearly every discipline, this subfield covers the methodological/algorithmic core rather than every domain where AI is applied. ARBITRATION vs Computational Theory and Mathematics [Computer Science]: metaheuristic and evolutionary-computation search algorithms are named here as their home; pure computational-complexity/algorithmic theory without a learning/search-heuristic component stays in Computational Theory and Mathematics (1703).","machine learning and deep learning algorithms; neural network architectures (including graph neural networks); statistical and computational learning theory; knowledge representation and automated reasoning; search, planning and optimization for intelligent agents; topic modeling and unsupervised learning; core natural language processing algorithms; metaheuristic and evolutionary-computation algorithms (genetic algorithms, swarm/nature-inspired optimization) as general-purpose search and optimization methods","business/enterprise information systems, decision support and IS management applications of AI -> Information Systems ; image- and video-specific tasks (classification, detection, segmentation) even when solved with AI methods -> Computer Vision and Pattern Recognition ; AI/ML methods applied as a tool within genomics, proteomics or other molecular-biology research questions -> Molecular Biology ; pure computational complexity and algorithmic theory without a learning/AI component -> Computational Theory and Mathematics ; classical and learning-free control theory and dynamical systems control -> Control and Systems Engineering ; general statistical data-analysis methodology and statistical software practice with no learning/AI contribution -> Statistics and Probability",Artificial Intelligence; Journal of Machine Learning Research; Machine Learning; IEEE Transactions on Neural Networks and Learning Systems; Artificial Intelligence Review,https://en.wikipedia.org/wiki/Artificial_intelligence,medium
1703,Computational Theory and Mathematics,Computer Science,"Theoretical foundations of computing and discrete mathematics as applied to computation: what can be computed, how efficiently, and the mathematical structures (graphs, automata, algebraic structures) underlying algorithms. ARBITRATION vs Management Science and Operations Research [Decision Sciences] and Artificial Intelligence [Computer Science]: this card owns the mathematical/algorithmic theory of combinatorial optimization (complexity, graph/discrete structures, exact algorithms); decision-oriented applied optimization for management/operations belongs to Management Science and Operations Research (1803); metaheuristic and evolutionary search methods belong to Artificial Intelligence (1702).",computational complexity theory; algorithm design and analysis; graph theory; combinatorics and combinatorial optimization; automata and formal language theory; cellular automata; discrete mathematics; matrix and numerical algorithm theory,"machine learning model design and learning algorithms -> Artificial Intelligence ; optimization framed as management/operational decision-making methodology (applied operations research, logistics, scheduling, resource allocation) rather than the mathematical/algorithmic structure of the problem -> Management Science and Operations Research ; metaheuristic and evolutionary-computation algorithms (genetic algorithms, swarm/nature-inspired optimization) as general-purpose learning/search methods -> Artificial Intelligence",Theoretical Computer Science; SIAM Journal on Computing; Journal of Computer and System Sciences; Discrete Mathematics,https://en.wikipedia.org/wiki/Theoretical_computer_science,high
1704,Computer Graphics and Computer-Aided Design,Computer Science,"Generation, manipulation, and rendering of visual and geometric digital content, plus computer-aided tools for engineering design. Covers 3D modeling and rendering, animation, geometric/solid modeling, and CAD/CAM systems.",3D rendering and modeling; computer animation; geometric and solid modeling; CAD/CAM systems; scientific and data visualization; virtual reality graphics pipelines; mesh processing,"analysis or recognition of existing visual/image data -> Computer Vision and Pattern Recognition ; interface and interaction design of graphical systems, where the user experience is the focus -> Human-Computer Interaction",ACM Transactions on Graphics; Computer Graphics Forum; Computer-Aided Design; IEEE Transactions on Visualization and Computer Graphics,https://en.wikipedia.org/wiki/Computer_graphics,high
1705,Computer Networks and Communications,Computer Science,"Design, protocols, and performance of computer and communication networks, from wired and wireless infrastructure to mobile, ad-hoc, and IoT connectivity. Covers network architecture, routing, security, and quality-of-service, at the protocol/systems level rather than the physical-layer hardware level.",network protocols and architecture; wireless and mobile networking; wireless sensor networks; IoT connectivity; network security; routing and quality of service (QoS); cellular/5G networking (protocol and systems aspects),"physical-layer hardware, antenna, or signal-processing design of communication systems -> Electrical and Electronic Engineering ; enterprise or organizational information-systems use of networked infrastructure -> Information Systems",IEEE/ACM Transactions on Networking; Computer Networks; IEEE Communications Magazine; Ad Hoc Networks,https://en.wikipedia.org/wiki/Computer_network,high
1706,Computer Science Applications,Computer Science,"Application of computer science methods and software to specific domains and industries where the contribution is a computational tool or system for that domain, rather than a novel CS-theoretical, networking, or AI/vision contribution belonging to a more specific subfield. Functions as the applied/domain-crossing bucket within Computer Science. NOTE: ASJC has no bioinformatics or computational-biology subfield. This card is their de-facto home when the contribution is the computational method or tool; when the contribution is the biological finding, classify by the biology.","domain-specific computational tools and software; applied algorithms for a specific industry or discipline; computational methods supporting other scientific/engineering fields; software application development; digital tools built for non-CS disciplines; bioinformatics and computational-biology tooling: sequence analysis, annotation pipelines, biomedical text mining and ontologies",enterprise/organizational IT systems and their design or deployment -> Information Systems ; decision support systems and IT governance as managerial objects -> Information Systems and Management,Journal of Computational Science; Expert Systems with Applications,,low
1707,Computer Vision and Pattern Recognition,Computer Science,"Extraction, interpretation, and recognition of information from visual data such as images and video. Covers image processing, object/face/scene recognition, image classification and retrieval, and pattern recognition applied to visual data, including deep-learning methods specifically for vision tasks.","image processing and enhancement; object, face and scene recognition; image classification and segmentation; image/video retrieval; pattern recognition on visual data; deep learning architectures for vision tasks","general machine-learning theory/algorithms not specific to visual data -> Artificial Intelligence ; 1-D signal/audio processing and general signal-processing theory -> Signal Processing ; pattern recognition on non-visual sensor streams (accelerometer, wearable, physiological time series) where no image or video is involved -> Signal Processing",IEEE Transactions on Pattern Analysis and Machine Intelligence; International Journal of Computer Vision; Computer Vision and Image Understanding; Pattern Recognition,https://en.wikipedia.org/wiki/Computer_vision,high
1708,Hardware and Architecture,Computer Science,"Design and organization of computer hardware and system architecture. Covers processor/computer architecture, embedded systems, parallel and distributed computing hardware, digital circuit design for computing, and hardware-software co-design.",computer architecture; embedded systems design; parallel and distributed computing systems; VLSI and digital circuit design; memory and storage systems; hardware-software co-design; FPGA/ASIC design,analog electronics or general electrical circuit theory not tied to computing systems -> Electrical and Electronic Engineering,IEEE Transactions on Computers; ACM Transactions on Architecture and Code Optimization; Journal of Parallel and Distributed Computing; IEEE Micro,https://en.wikipedia.org/wiki/Computer_architecture,high
1709,Human-Computer Interaction,Computer Science,"Design, evaluation, and understanding of the interaction between people and computing systems. Covers usability and user-experience research, interaction techniques (touch, gesture, gaze, voice), accessibility, and immersive or wearable interfaces, wherever the user's experience of the interaction is the focus. ARBITRATION vs Human Factors and Ergonomics [Social Sciences] and Communication [Social Sciences]: this card owns interface/interaction-technique design and user experience of computing systems; Human Factors and Ergonomics owns workplace/organizational human-system performance beyond the computing interface; Communication owns computer-mediated communication as behavior, content and social process.","usability and UX research; user interface design and evaluation; interaction techniques (gesture, gaze, touch, voice); accessibility and assistive technology; virtual/augmented reality interfaces; wearable interaction devices; user studies","underlying rendering/graphics-pipeline technology without an interaction or user-experience focus -> Computer Graphics and Computer-Aided Design ; computer-vision recognition algorithms not centered on user interaction -> Computer Vision and Pattern Recognition ; workplace ergonomics, workload and human performance in socio-technical systems beyond the computing interface -> Human Factors and Ergonomics ; computer-mediated communication studied as communication behavior, content, and social process (message content, media effects, social use of communication technology), as opposed to the interface/interaction-technique design itself -> Communication",International Journal of Human-Computer Studies; ACM Transactions on Computer-Human Interaction; Interacting with Computers,https://en.wikipedia.org/wiki/Human%E2%80%93computer_interaction,high
1710,Information Systems,Computer Science,"Information Systems studies how organizations and societies design, adopt, manage, and use information and communication technologies to support business processes, decision-making, and social or community goals. It covers information system development and management, information retrieval and behavior, and the deployment of ICT in specific social contexts such as government, education-adjacent community services, and developing regions, treating technology in its organizational and human-use context rather than as pure algorithms or network infrastructure. ARBITRATION vs Library and Information Sciences [3309]: the technical design, engineering, and organizational deployment/management of information systems stays here; the social-science study of library/archival practice, information behavior, and scholarly-communication metrics goes to Library and Information Sciences. ARBITRATION vs Information Systems and Management [Decision Sciences] and Management Information Systems [Business]: the design, engineering and societal deployment of information systems stays here; managerial adoption, governance, decision support and organisational impact go to Information Systems and Management; firm-level MIS and e-business go to Management Information Systems.",information systems development and management; e-government and digital public services; ICT for development (ICT4D); information retrieval and search behavior; digital and cyber forensics; enterprise and organizational information systems; information behavior and user studies; mobile and ubiquitous information technologies and their adoption,"educational technology and e-learning pedagogy -> Education ; machine learning and AI algorithms/methods themselves -> Artificial Intelligence ; network protocols and communications infrastructure -> Computer Networks and Communications ; general applied computing techniques not tied to organizational/social IS use -> Computer Science Applications ; the social-science study of library and archival practice, information behavior as a scholarly discipline, and bibliometrics/scientometrics -> Library and Information Sciences ; strategic, managerial and organisational-impact questions of IS in firms - IT governance, IS adoption, decision support, business informatics -> Information Systems and Management ; firm-level management information systems and e-business studied from a business-school perspective -> Management Information Systems",MIS Quarterly; Information Systems Research; Journal of Management Information Systems; Information & Management; European Journal of Information Systems,https://en.wikipedia.org/wiki/Information_system,high
1711,Signal Processing,Computer Science,"Signal Processing covers the theory and methods for acquiring, analyzing, filtering, transforming, and reconstructing one-dimensional and sensor-based signals (audio, speech, biomedical, communications) using digital and analog techniques. It includes speech and audio processing, filter design, time-frequency analysis, and compression, focused on the signal itself rather than on visual/image pattern recognition.",speech and audio processing; digital filter design; time-frequency and wavelet analysis; signal compression and coding; biomedical and sensor signal processing; adaptive and statistical signal processing; array and radar signal processing,"image and video pattern recognition/classification -> Computer Vision and Pattern Recognition ; biosensor, medical-device and imaging-hardware engineering where the physical sensing system rather than the signal algorithm is the contribution -> Biomedical Engineering",IEEE Transactions on Signal Processing; Signal Processing; IEEE Signal Processing Letters; Digital Signal Processing; Speech Communication,https://en.wikipedia.org/wiki/Signal_processing,high
1712,Software,Computer Science,"Software covers the engineering, construction, testing, verification, and maintenance of software systems, including software design methodologies, programming paradigms, software quality and reliability, and end-user or no-code computing tools. It centers on how software is built and assured rather than on any specific application domain.",software engineering and design methodologies; software testing and debugging; software reliability and quality assurance; model-driven and formal software development; programming languages and paradigms; end-user computing and spreadsheets; software maintenance and evolution,"business/enterprise information-systems design, deployment, and organizational IT management, as opposed to the software engineering/construction discipline itself -> Information Systems ; machine-learning/AI algorithm design and model development, as opposed to the software-engineering process used to build and assure the system -> Artificial Intelligence ; network protocol design, distributed-systems communication, and network architecture, as opposed to general software construction, testing, and maintenance -> Computer Networks and Communications ; feedback-control and systems-engineering theory applied to physical or embedded systems, as opposed to general-purpose software construction -> Control and Systems Engineering",IEEE Transactions on Software Engineering; ACM Transactions on Software Engineering and Methodology; Journal of Systems and Software; Empirical Software Engineering,https://en.wikipedia.org/wiki/Software_engineering,high
1800,General Decision Sciences,Decision Sciences,"Last-resort bucket for decision-sciences research that is broad or cross-cutting and does not fit specifically into Information Systems and Management, Management Science and Operations Research, or Statistics, Probability and Uncertainty. Covers general decision theory, judgment and decision-making, and interdisciplinary decision-support scholarship.",general decision theory; judgment and decision-making; decision support frameworks (general); risk and uncertainty in decision-making (non-statistical); multi-criteria decision analysis (general); behavioral decision research; decision science pedagogy,,Decision Sciences,https://en.wikipedia.org/wiki/Decision_theory,medium
1802,Information Systems and Management,Decision Sciences,"Information Systems and Management addresses the strategic, organizational, and managerial dimensions of information systems within business and decision-making contexts, including decision support systems, IT governance, business informatics, and the management of information resources as drivers of organizational performance. ARBITRATION: this card requires an information-systems object; general management, open-science, team-science or accountability topics without IS content do not belong here.",decision support systems; IT governance and IS strategy; business informatics; knowledge management systems; enterprise information management; IS adoption and organizational impact; management information systems,"purely technical/algorithmic information-systems research (retrieval, forensics, ICT4D) not framed managerially -> Information Systems ; technical design, engineering and societal deployment of information systems (e-government, ICT4D, information retrieval) -> Information Systems ; general management, strategy or organisational research with no information-systems content -> Strategy and Management",Information & Management; Decision Support Systems; Journal of Strategic Information Systems; Information Systems Management,https://en.wikipedia.org/wiki/Management_information_system,medium
1803,Management Science and Operations Research,Decision Sciences,"Management Science and Operations Research applies mathematical modeling, optimization, and quantitative decision-making methods to management and organizational problems. It spans multi-criteria decision analysis, risk and portfolio optimization, fuzzy and soft set theory, complex-systems decision modeling. ARBITRATION vs Computational Theory and Mathematics [Computer Science]: this card owns optimization and decision methodology applied to management/operational problems; the mathematical/algorithmic theory of combinatorial optimization as a computer-science topic belongs to Computational Theory and Mathematics (1703).",operations research and optimization; multi-criteria decision making; risk and portfolio optimization; fuzzy and soft set theory; complex systems and decision modeling; simulation and stochastic modeling; structured and multi-criteria decision methods; supply chain and logistics optimization,"general probability theory and statistical inference methodology developed and evaluated as statistics research in its own right, without a management/operational decision-optimization framing -> Statistics, Probability and Uncertainty ; decision-support and information-systems-strategy questions framed around organizational/managerial IT governance rather than mathematical optimization or OR methodology -> Information Systems and Management ; production-floor and manufacturing-system operations research (scheduling, factory automation, process optimization) framed as industrial/manufacturing engineering practice -> Industrial and Manufacturing Engineering ; the mathematical/algorithmic theory of combinatorial optimization (complexity analysis, graph-theoretic and discrete-structure results) developed as computer-science theory rather than a management/operational decision application -> Computational Theory and Mathematics",Management Science; Operations Research; European Journal of Operational Research; Omega; Decision Sciences,https://en.wikipedia.org/wiki/Operations_research,high
1804,"Statistics, Probability and Uncertainty",Decision Sciences,"Statistics, Probability and Uncertainty covers statistical theory, probabilistic modeling, and methods for quantifying and managing uncertainty and measurement error, applied to decision-relevant contexts. It includes uncertainty evaluation in scientific measurement alongside general probability and statistical methodology used to inform decisions under uncertainty. ARBITRATION vs Statistics and Probability [Mathematics]: this card owns decision-relevant applied statistics and uncertainty quantification; pure mathematical statistical theory pursued as mathematics scholarship belongs to Statistics and Probability (2613).",probability theory; statistical inference and modeling; uncertainty quantification; measurement error and metrology statistics; stochastic processes; applied statistics for decision-making; Bayesian and frequentist methods,"quantitative uncertainty modeling used as an input to an optimization or operational decision problem, where the operations-research/decision-modeling framing is the actual contribution -> Management Science and Operations Research ; pure mathematical statistical theory (proofs, foundational probability theory) pursued as mathematics scholarship rather than decision-relevant applied statistics -> Statistics and Probability ; statistical/probabilistic methodology developed specifically to support machine-learning model design and training -> Artificial Intelligence",Journal of the Royal Statistical Society; The Annals of Statistics; Statistics & Probability Letters; Journal of Statistical Planning and Inference,https://en.wikipedia.org/wiki/Statistics,medium
3500,General Dentistry,Dentistry,"The broad, generalist practice and science of dentistry and oral health, covering topics that span multiple dental specialties or do not fit a single specialty subfield. As a 'General' bucket, this is the last-resort home for dentistry topics that are cross-cutting (e.g., general oral health, dental education, dental public health, dental materials science broadly) rather than specific to surgery, orthodontics, or periodontics.",general/family dentistry; oral health and hygiene; dental education and training; dental public health and epidemiology; dental materials (general); preventive dentistry; restorative dentistry; cross-specialty dental topics,"tooth extraction, implants, and maxillofacial surgery -> Oral Surgery ; malocclusion and orthodontic appliances -> Orthodontics ; gum disease and periodontal treatment -> Periodontics",Journal of the American Dental Association; British Dental Journal; Community Dentistry and Oral Epidemiology,https://en.wikipedia.org/wiki/Dentistry,high
3504,Oral Surgery,Dentistry,"Surgical and interventional dental care: tooth extractions, dental implants, jaw and maxillofacial surgery, endodontic (root canal) procedures, and dental/oral imaging used to plan and evaluate these interventions.",dental implants; tooth extraction; maxillofacial surgery; endodontics/root canal treatment; dental/oral radiography and imaging; oral pathology surgery; anesthesia in dental surgery,tooth alignment and bite correction -> Orthodontics ; gum and supporting-tissue disease treatment -> Periodontics,Journal of Oral and Maxillofacial Surgery; International Journal of Oral and Maxillofacial Surgery; Clinical Oral Implants Research,https://en.wikipedia.org/wiki/Oral_and_maxillofacial_surgery,high
3505,Orthodontics,Dentistry,"The diagnosis, prevention, and correction of malpositioned teeth and jaws (malocclusion), including the design and use of braces, aligners, and other orthodontic appliances, as well as dentofacial orthopedics.",malocclusion correction; braces and clear aligners; dentofacial orthopedics; orthodontic appliance design; bite/occlusion analysis; dental materials and restorations related to alignment,surgical tooth removal and implants -> Oral Surgery ; gum and periodontal disease treatment -> Periodontics,American Journal of Orthodontics and Dentofacial Orthopedics; European Journal of Orthodontics; Angle Orthodontist,https://en.wikipedia.org/wiki/Orthodontics,high
3506,Periodontics,Dentistry,"Periodontics covers the study, diagnosis, and treatment of diseases and conditions affecting the periodontium (gums, periodontal ligament, alveolar bone), including periodontitis, oral microbiology related to periodontal disease, and periodontal surgery and regenerative therapy, alongside dental health care utilization and oral health pathology as they relate to gum and periodontal health.",periodontal disease diagnosis and treatment; oral microbiology and periodontitis; gingival and alveolar bone health; dental health care utilization; oral health pathology; periodontal surgery and regeneration; peri-implant disease,"host immune-response mechanisms in periodontal disease studied as basic immunology rather than clinical periodontal diagnosis and treatment -> Immunology ; basic microbial biology, taxonomy, or physiology of oral bacteria without a clinical periodontal-disease framing -> Microbiology ; population-level dental-care-utilization policy and access research, as opposed to clinical periodontal diagnosis and treatment -> Public Health, Environmental and Occupational Health",Journal of Periodontology; Journal of Clinical Periodontology; Journal of Periodontal Research; Periodontology 2000,https://en.wikipedia.org/wiki/Periodontology,high
1902,Atmospheric Science,Earth and Planetary Sciences,"Atmospheric Science studies the physics, chemistry, and dynamics of Earth's atmosphere, including weather systems, atmospheric composition and ozone chemistry, radiative and climate processes on atmospheric scales, and the atmospheric side of coupled climate-system interactions. ARBITRATION vs Oceanography [Earth and Planetary Sciences] and Global and Planetary Change [Environmental Science]: atmospheric processes and their forcing stay here; ocean and cryosphere dynamics as systems go to Oceanography; Earth-system-scale climate change and impacts go to Global and Planetary Change.",atmospheric physics and dynamics; atmospheric chemistry and ozone; weather and climate processes; atmospheric forcing of the cryosphere and ocean (the atmospheric component of coupled processes); paleoclimatology via atmospheric/ice-core proxies; air quality and pollution science; radiative transfer and climate modeling,"broad, cross-system global/planetary-scale climate and Earth-system change -> Global and Planetary Change ; ocean physics, chemistry, and circulation -> Oceanography ; sea ice, ice sheets and ocean-cryosphere dynamics studied as ocean/ice systems (circulation, freshwater, mass balance) -> Oceanography ; cross-system climate change and its impacts studied at Earth-system scale -> Global and Planetary Change",Journal of the Atmospheric Sciences; Atmospheric Chemistry and Physics; Journal of Climate; Atmospheric Environment,https://en.wikipedia.org/wiki/Atmospheric_science,medium
1904,Earth-Surface Processes,Earth and Planetary Sciences,"Earth-Surface Processes examines the physical and chemical processes that shape Earth's surface, including erosion, sediment transport, weathering, and landform evolution driven by wind, water, and ice, such as aeolian (wind-driven) processes and geomorphology.",geomorphology and landform evolution; aeolian (wind-driven) processes; erosion and sediment transport; weathering processes; fluvial and coastal surface processes; soil formation and surface hydrology interactions,"organism-environment ecological interactions and ecosystem dynamics occurring on land or water surfaces, as opposed to the physical/chemical process shaping the surface itself -> Ecology ; pedogenesis and soil-profile classification as a soil-science discipline, as opposed to surface erosion and sediment-transport process studied for its own sake -> Soil Science ; bedrock geology, stratigraphy, and subsurface geological structure, as opposed to active surface-shaping process -> Geology ; open-ocean and marine-water-column physical, chemical, and biological processes, as opposed to the coastal/terrestrial surface process itself -> Oceanography",Earth Surface Processes and Landforms; Geomorphology; Earth Surface Dynamics,https://en.wikipedia.org/wiki/Geomorphology,high
1906,Geochemistry and Petrology,Earth and Planetary Sciences,"Geochemistry and Petrology studies the chemical composition and elemental/isotopic analysis of rocks and minerals, and the formation and classification of igneous, sedimentary, and metamorphic rocks, including the geochemistry of fossil organic matter and economic mineral deposits.","geochemistry and elemental/isotopic analysis; petrology and rock classification; mineralogy; organic and fossil-fuel geochemistry (source rocks, coal, petroleum systems); igneous and metamorphic petrogenesis; sedimentary geochemistry","fuel processing and utilization technology for coal/petroleum (industrial process/engineering framing), as opposed to their origin, composition, and geochemistry -> Fuel Technology",Geochimica et Cosmochimica Acta; Chemical Geology; Journal of Petrology; Lithos,https://en.wikipedia.org/wiki/Geochemistry,high
1907,Geology,Earth and Planetary Sciences,"Geology, as a general subfield, covers the broad study of Earth's solid structure, materials, and history — stratigraphy, structural geology, regional and field geology, and general geological surveys — for research that does not fit a more specific Earth-science subfield such as Geochemistry and Petrology, Geophysics, or Paleontology. It functions as a last-resort bucket for general/regional geological topics.",stratigraphy and sedimentology; structural geology; regional and field geology; historical and general geology; geological mapping and surveys,"geochemical and petrological composition analysis -> Geochemistry and Petrology ; geophysical methods and subsurface physics (seismology, tectonics via physical methods) -> Geophysics ; fossil and evolutionary paleobiology -> Paleontology",Geology; Journal of Geology; Geological Society of America Bulletin; Sedimentary Geology,https://en.wikipedia.org/wiki/Geology,medium
1908,Geophysics,Earth and Planetary Sciences,"Geophysics applies physical principles and quantitative methods to study Earth's interior and dynamic processes, including seismology and tectonics, geophysical exploration, gravitational and magnetic field studies, and regional geological-geophysical characterization worldwide.",seismology and earthquake studies; plate tectonics; geophysical exploration and prospecting; gravimetry and geomagnetism; regional tectonic and geological-geophysical surveys; geodesy,"applied mineral exploration, lithology and geological mapping -> Geology ; physical processes of the ocean -> Oceanography",Journal of Geophysical Research; Geophysical Journal International; Tectonophysics; Geophysics,https://en.wikipedia.org/wiki/Geophysics,high
1910,Oceanography,Earth and Planetary Sciences,"Oceanography studies the physical, chemical, biological, and geological processes of the world's oceans, including ocean circulation and chemistry, ocean chemistry change (acidification, deoxygenation) as a physical-chemical process, marine biogeochemistry, and coastal and deep-sea processes.","physical oceanography and ocean circulation; chemical oceanography, including carbonate chemistry and deoxygenation; marine biogeochemistry; coastal and deep-sea processes; marine geology; sea-level and ocean-climate interactions","atmospheric physics, chemistry, and weather processes -> Atmospheric Science ; biological and ecosystem responses of marine organisms to ocean change, studied as ecology -> Ecology",Journal of Physical Oceanography; Deep Sea Research Part I; Progress in Oceanography; Limnology and Oceanography,https://en.wikipedia.org/wiki/Oceanography,high
1911,Paleontology,Earth and Planetary Sciences,"Paleontology studies fossils and the history of life on Earth, including the classification, evolution, and ecology of extinct organisms, biostratigraphy, and paleobiological reconstruction of past environments.",fossil classification and taxonomy; evolutionary paleobiology; biostratigraphy; paleoecology and past-environment reconstruction; vertebrate and invertebrate paleontology; micropaleontology,"living-taxon evolutionary biology, phylogenetics, and behavioral/population ecology studied without a fossil or deep-time record -> Ecology, Evolution, Behavior and Systematics ; human-made artifacts, settlement patterns, and material culture of past human societies, as opposed to the fossil record of non-artifactual organisms -> Archeology ; sedimentary and igneous rock composition, mineralogy, and geochemical formation processes, as opposed to the fossil content and biological history preserved within the rock -> Geochemistry and Petrology ; molecular-genetic mechanisms studied in living organisms without a fossil or paleobiological framing -> Molecular Biology",Journal of Paleontology; Palaeontology; Paleobiology; Journal of Vertebrate Paleontology,https://en.wikipedia.org/wiki/Paleontology,high
1912,Space and Planetary Science,Earth and Planetary Sciences,"Research on the Solar System's planets, moons, asteroids, comets, and other planetary bodies, plus the science and technology of space exploration. Covers planetary geology and atmospheres, astrobiology, solar system dynamics, and the design/results of space missions and instrumentation studying celestial bodies.","planetary geology and geophysics; planetary atmospheres and climate; astrobiology and habitability; solar system dynamics; exoplanets; space missions and exploration; asteroids, comets and meteorites; space weather and heliophysics; remote sensing of planetary surfaces","stellar, galactic and cosmological astrophysics -> Astronomy and Astrophysics ; spacecraft/rocket engineering and design -> Aerospace Engineering",Icarus; Journal of Geophysical Research: Planets; Planetary and Space Science; Space Science Reviews,https://en.wikipedia.org/wiki/Planetary_science,high
2000,"General Economics, Econometrics and Finance","Economics, Econometrics and Finance","A last-resort, catch-all subfield for economics/econometrics/finance research that does not fit cleanly into a specific subfield: broad or interdisciplinary economic surveys, general economic policy discussion spanning multiple subfields, and economic methodology or education content.",general/interdisciplinary economic surveys; broad economic policy reviews; economics education and pedagogy; general socioeconomic development studies; mixed economics-and-finance topics,clearly theoretical/econometric core economics -> Economics and Econometrics ; clearly finance-specific topics -> Finance,Journal of Economic Literature; Journal of Economic Perspectives,https://en.wikipedia.org/wiki/Economics,medium
2002,Economics and Econometrics,"Economics, Econometrics and Finance","Core economic theory and empirical/econometric analysis of economic phenomena, spanning microeconomics, macroeconomics, and applied fields such as development, labor, trade, and monetary economics. Includes quantitative and statistical methods developed specifically for economic analysis. ARBITRATION vs General Agricultural and Biological Sciences [Agricultural and Biological Sciences]: agricultural and resource economics is named as belonging here rather than to the agricultural-science catch-all.",microeconomic and macroeconomic theory; econometric and statistical methods; economic growth and development; labor economics; international trade and globalization; monetary and fiscal policy; behavioral and experimental economics; economic history; agricultural and resource economics,"corporate finance, asset pricing, banking and investment -> Finance ; regional and local economic development, spatial economics and territorial planning framed geographically -> Geography, Planning and Development ; poverty, aid and institutional effectiveness in low- and middle-income countries framed as development studies rather than economic theory -> Development",American Economic Review; Journal of Political Economy; Econometrica; Quarterly Journal of Economics,https://en.wikipedia.org/wiki/Economics,high
2003,Finance,"Economics, Econometrics and Finance","The study of financial markets, institutions, and instruments: how capital is priced, allocated, and managed under risk. Covers asset pricing, corporate finance, banking, investment and portfolio management, financial risk modeling, and financial regulation, from both theoretical and empirical/quantitative angles.",asset pricing and financial markets; corporate finance and capital structure; banking and financial intermediation; investment and portfolio management; financial risk and volatility modeling; derivatives and fixed income; financial regulation and stability; behavioral finance,"macroeconomic theory and policy not centered on financial markets/institutions -> Economics and Econometrics ; general/introductory economics-and-finance content that spans both without a finance-specific focus -> General Economics, Econometrics and Finance",Journal of Finance; Journal of Financial Economics; Review of Financial Studies; Journal of Banking & Finance,https://en.wikipedia.org/wiki/Finance,high
2100,General Energy,Energy,"A last-resort, catch-all subfield for energy research that spans or does not fit a specific energy subfield: broad energy systems modeling, general energy policy and economics, and interdisciplinary energy studies.",general energy systems and modeling; energy policy overviews; energy economics; cross-cutting/interdisciplinary energy studies; energy education,"fuel-specific combustion/processing research -> Fuel Technology ; renewable technologies and sustainability-focused energy research -> Renewable Energy, Sustainability and the Environment ; nuclear power research -> Nuclear Energy and Engineering ; geopolitics- and international-relations-centric security analysis (e.g. energy security framed as foreign policy/international conflict), as opposed to energy policy/economics/security framed within the energy system itself -> Political Science and International Relations",Energy; Applied Energy; Energy Policy,https://en.wikipedia.org/wiki/Energy,medium
2102,Energy Engineering and Power Technology,Energy,"Engineering of energy generation, conversion, storage, transmission and distribution: power plants and turbines, power electronics and grid technology, energy storage systems, and the engineering (not the environmental/policy) side of renewable energy conversion. Covers the technology and systems that generate, move, store, and manage energy at any scale, from utility power systems down to distributed and off-grid generation. ARBITRATION vs Renewable Energy, Sustainability and the Environment [Energy] and Fuel Technology [Energy]: this card owns device/system engineering of energy generation, storage, conversion and grid integration; the environmental-impact and sustainability framing of the same systems belongs to Renewable Energy, Sustainability and the Environment (2105); fuel production, processing, and combustion chemistry belongs to Fuel Technology (2103).","power plant and turbine/generator engineering; power electronics and smart-grid technology; energy storage systems (batteries, supercapacitors, thermal storage) as engineering systems; renewable energy conversion engineering (solar PV systems, wind turbines, hydropower plants); fuel cell and hydrogen energy technology as power-generation and grid-integration device engineering (as opposed to fuel production/processing chemistry); thermal and combustion power-plant systems engineering (boiler/turbine-level integration), as opposed to fuel production and combustion chemistry itself; energy transmission, distribution and grid integration; energy systems modeling and demand-side management technology","general circuit design, microelectronics, semiconductor devices and telecommunications electronics not specific to power/energy systems -> Electrical and Electronic Engineering ; environmental-impact and sustainability-policy framing of renewable energy (life-cycle assessment, sustainability metrics, policy analysis of solar/wind/renewables), as opposed to the device/system engineering itself -> Renewable Energy, Sustainability and the Environment ; electrochemical mechanism and electrode-reaction studies of battery/storage chemistry -> Electrochemistry ; battery materials synthesis and characterization (electrode/electrolyte material composition and properties) -> Materials Chemistry ; fuel production, processing, and combustion chemistry, including the fuel/chemistry side of fuel-cell and hydrogen technology (as opposed to power-generation/grid-integration device engineering that uses those fuels) -> Fuel Technology ; energy-harvesting or fuel-related devices and materials designed specifically to function inside or interface with the body -> Biomedical Engineering",Applied Energy; Energy Conversion and Management; IEEE Transactions on Power Systems; Journal of Power Sources; International Journal of Electrical Power & Energy Systems,https://en.wikipedia.org/wiki/Power_engineering,medium
2103,Fuel Technology,Energy,"The science and engineering of fuel production, processing, and combustion: fossil fuel refining and upgrading, biofuels, fuel cells, alternative/hydrogen fuels, and combustion chemistry and emissions. ARBITRATION vs Energy Engineering and Power Technology [Energy]: this card owns fuel production, processing, and combustion chemistry (including the fuel/combustion-chemistry framing of fuel cells and hydrogen); power-generation and grid-integration device engineering that uses those fuels belongs to Energy Engineering and Power Technology (2102).","combustion science and emissions; biofuels and biomass conversion; fossil fuel processing and refining; fuel cell chemistry, fuel composition, and fuel-processing technology (as opposed to power-generation/grid-integration device engineering); hydrogen and alternative fuels; coal, oil and gas fuel technology; fuel quality and properties","broad renewable-electricity and sustainability policy -> Renewable Energy, Sustainability and the Environment ; vehicle engine and vehicle-level emissions engineering -> Automotive Engineering ; microbial/metabolic engineering of the production organism used to make biofuels -> Applied Microbiology and Biotechnology ; bioreactor and bioprocess unit-operation design for biofuel production (fermentation vessel/process engineering) -> Bioengineering ; coal/petroleum origin, composition, and geochemistry (as opposed to its processing/fuel-technology framing) -> Geochemistry and Petrology ; combustion within power-generation plant systems (boilers, turbines, power-plant-level combustion engineering) -> Energy Engineering and Power Technology ; fuel cell and hydrogen technology framed as power-generation or grid-integration device engineering (as opposed to fuel production, processing, and combustion chemistry) -> Energy Engineering and Power Technology ; energy-harvesting or fuel-related devices and materials designed specifically to function inside or interface with the body -> Biomedical Engineering",Fuel; Energy & Fuels; Fuel Processing Technology; Combustion and Flame,https://en.wikipedia.org/wiki/Fuel,high
2104,Nuclear Energy and Engineering,Energy,"Engineering of nuclear power generation and the nuclear fuel cycle, including reactor design and safety, nuclear waste management, nuclear materials, and fusion energy engineering.",nuclear reactor design and safety; nuclear fuel cycle; nuclear power plant engineering; radioactive waste management; nuclear materials; fusion energy engineering,fundamental nuclear/particle physics -> Nuclear and High Energy Physics,Nuclear Engineering and Design; Annals of Nuclear Energy; Progress in Nuclear Energy; Journal of Nuclear Materials,https://en.wikipedia.org/wiki/Nuclear_power,high
2105,"Renewable Energy, Sustainability and the Environment",Energy,"Renewable energy technologies (solar, wind, hydro, geothermal, bioenergy) and their integration into sustainable energy systems, including energy storage, energy efficiency, and the environmental/sustainability dimensions of energy production and use. ARBITRATION vs Energy Engineering and Power Technology [Energy] and Fuel Technology [Energy]: this card owns the environmental-impact, sustainability, and lifecycle framing of renewable-energy, storage, and fuel systems; the device/system engineering of those same systems belongs to Energy Engineering and Power Technology (2102); fuel production, processing, and combustion chemistry belongs to Fuel Technology (2103). Materials or devices designed to function inside or interface with the body stay with Biomedical Engineering (2204) regardless of energy framing.",environmental impact and sustainability assessment of solar photovoltaic and solar thermal energy systems; environmental impact and sustainability assessment of wind energy systems; environmental and lifecycle sustainability assessment of energy storage systems; energy efficiency and management framed as a sustainability and environmental-impact outcome; electrocatalysis for energy conversion; sustainability assessment of energy systems; energy-environment interactions; green/sustainable energy policy,"mechanical design of turbines, engines and rotating machinery -> Mechanical Engineering ; biomedical devices or biomaterials, even if energy-harvesting -> Biomedical Engineering ; nuclear power generation -> Nuclear Energy and Engineering ; fuel processing and combustion chemistry -> Fuel Technology ; solar PV device/power-system engineering and other renewable device/power-system engineering (as opposed to its environmental-impact or sustainability framing) -> Energy Engineering and Power Technology",Renewable Energy; Renewable and Sustainable Energy Reviews; Energy Efficiency; Applied Energy,https://en.wikipedia.org/wiki/Renewable_energy,high
2200,General Engineering,Engineering,"Last-resort bucket for engineering topics that are genuinely multidisciplinary or that do not fit any specific engineering subfield: general engineering methodology, engineering education, engineering ethics/management, and cross-cutting engineering research spanning several branches. Not to be used when a topic clearly matches a specific engineering subfield.",multidisciplinary/general engineering research; engineering education; engineering ethics and professional practice; engineering management and methodology; history of engineering; cross-branch engineering topics,"any topic clearly matching a specific engineering subfield (electrical, mechanical, civil, etc.) [route: the matching specific Engineering subfield]",Results in Engineering; Engineering Reports; IEEE Access,https://en.wikipedia.org/wiki/Engineering,medium
2202,Aerospace Engineering,Engineering,"Design, analysis and operation of aircraft and spacecraft: aerodynamics, propulsion, flight dynamics and control, avionics, and aerospace structures and materials.",aircraft and spacecraft design; aerodynamics; aerospace propulsion; avionics and radar systems; flight dynamics and flight control; aerospace structures; antenna and metasurface technologies for aerospace/aviation,generic control theory and algorithms not tied to an aerospace platform -> Control and Systems Engineering ; general computational fluid dynamics not specific to flight vehicles -> Computational Mechanics,Journal of Aircraft; AIAA Journal; Aerospace Science and Technology; Acta Astronautica,https://en.wikipedia.org/wiki/Aerospace_engineering,high
2203,Automotive Engineering,Engineering,"Engineering of automobiles and road vehicles: vehicle dynamics and control, powertrains (internal-combustion, electric and hybrid), automotive safety systems, and autonomous/self-driving vehicle technology.","vehicle dynamics and control; electric and hybrid vehicle powertrains; engine technology and emissions; vehicle battery technology; autonomous/self-driving vehicle systems; automotive safety systems; vehicle components and subsystems: brakes and friction materials, powertrain, chassis, vehicle dynamics","general control theory not specific to vehicles -> Control and Systems Engineering ; aircraft and spacecraft engineering -> Aerospace Engineering ; generic machine elements, tribology and mechanical design not specific to vehicles -> Mechanical Engineering",IEEE Transactions on Vehicular Technology; Vehicle System Dynamics; International Journal of Automotive Technology and Management,https://en.wikipedia.org/wiki/Automotive_engineering,high
2204,Biomedical Engineering,Engineering,"Engineering applied to medicine and biology: medical devices, biomaterials designed to function inside or interface with the body, biomechanics, microfluidic and lab-on-a-chip systems for biological/clinical use, biosensors and bioanalytical detection technology, and the engineering development of medical imaging hardware. The subfield describes engineering-for-the-body, not every field that happens to use nanoparticles, microfluidics, or sensing. ARBITRATION vs Fuel Technology [Energy], Renewable Energy, Sustainability and the Environment [Energy], and Materials Chemistry [Materials Science]: this card owns engineering designed to function inside or interface with the body; energy-conversion/renewable-energy materials and devices not for the body belong to Renewable Energy, Sustainability and the Environment (2105); fuel-related materials and devices not for the body belong to Fuel Technology (2103); general nanomaterials/materials characterization with no biomedical application belongs to Materials Chemistry (2505).",medical devices and implants; biomaterials for in-body or biological-interface use; biomechanics and tissue/organ engineering; microfluidics and lab-on-a-chip systems for biomedical/clinical applications; biosensors and bioanalytical/diagnostic detection technology; engineering development of medical imaging hardware and instrumentation; drug delivery device engineering; characterization of nanoparticles specifically for biomedical/diagnostic use,"general circuit design and electronics not built for a medical/biological application -> Electrical and Electronic Engineering ; clinical diagnostic radiology practice and imaging interpretation (as opposed to the imaging hardware/technology itself) -> Radiology, Nuclear Medicine and Imaging ; generic catalytic chemistry not tied to a biomedical/diagnostic application -> Catalysis ; energy-conversion and renewable/sustainable-energy materials or device work (e.g. energy harvesting, solar/battery materials) not designed to function inside or interface with the body -> Renewable Energy, Sustainability and the Environment ; generic nanotechnology or nanomaterials characterization with no stated biomedical application -> Materials Chemistry ; signal-processing algorithms (filtering, time-frequency analysis, classification of physiological signals) where the method rather than the device is the contribution -> Signal Processing ; fuel production, processing, and combustion-related materials or device work (including biofuel production technology) not designed to function inside or interface with the body -> Fuel Technology",IEEE Transactions on Biomedical Engineering; Biomaterials; Annals of Biomedical Engineering; Lab on a Chip; Biosensors and Bioelectronics,https://en.wikipedia.org/wiki/Biomedical_engineering,medium
2205,Civil and Structural Engineering,Engineering,"Analysis and design of structures and civil infrastructure: structural engineering, geotechnical engineering, foundations, bridges, tunnels, and the safety and performance of structural materials. Also accepts generic or multidisciplinary civil-engineering research (e.g. broad civil/geotechnical engineering research programs or reviews) that does not name a specific structural sub-topic but is clearly civil-engineering in nature.",structural analysis and design; geotechnical engineering; foundation engineering; underground and tunnel structures; bridge engineering; structural materials testing; construction safety engineering,machine design and mechanical systems -> Mechanical Engineering ; construction materials and site methods -> Building and Construction ; architectural design -> Architecture,Journal of Structural Engineering; Engineering Structures; Geotechnique; Structural Safety,https://en.wikipedia.org/wiki/Civil_engineering,high
2206,Computational Mechanics,Engineering,"Numerical and computational methods for mechanics problems: computational fluid dynamics, heat transfer simulation, structural/solid mechanics simulation, turbulence modeling, and multiphysics simulation techniques. ARBITRATION vs Mechanics of Materials [Engineering]: the development and analysis of numerical methods (FEM, meshfree, XFEM, phase-field, LBM) stays here; the mechanical behaviour of a material or structure computed with standard methods belongs to Mechanics of Materials.",computational fluid dynamics; heat transfer simulation; finite element and lattice Boltzmann methods; turbulence modeling; fluid-structure interaction; numerical methods for mechanics; aerodynamics simulation (generic),"physical/experimental mechanical design and machinery -> Mechanical Engineering ; aircraft/spacecraft-specific aerodynamic design -> Aerospace Engineering ; material behaviour, failure and strength of solids where the material response (not the numerical method) is the contribution -> Mechanics of Materials ; thermal-fluid engineering of equipment (exchangers, reactors) where the process is the object -> Fluid Flow and Transfer Processes",Journal of Computational Physics; Computers & Fluids; International Journal for Numerical Methods in Engineering; Computational Mechanics,https://en.wikipedia.org/wiki/Computational_mechanics,high
2207,Control and Systems Engineering,Engineering,"Theory and design of control systems and automation: feedback control, sensors and actuators, industrial and robotic control systems, and broader systems engineering.",feedback control theory; automation systems; sensor and actuator systems; industrial control systems; systems engineering of engineered control and automation systems; robotics control algorithms; signal processing for control,"electronic circuit and hardware design -> Electrical and Electronic Engineering ; mechanical system dynamics/design not centered on control -> Mechanical Engineering ; flight control specific to aircraft/spacecraft platforms -> Aerospace Engineering ; general machine learning/AI algorithms not framed as control -> Artificial Intelligence ; reliability, risk and fault-prognostics modelling where the dependability model, not the controller, is the contribution -> Safety, Risk, Reliability and Quality ; operations research, decision analysis and command-and-control planning models as management science -> Management Science and Operations Research",IEEE Transactions on Control Systems Technology; Automatica; IEEE Transactions on Automatic Control; Control Engineering Practice,https://en.wikipedia.org/wiki/Control_engineering,high
2208,Electrical and Electronic Engineering,Engineering,"Covers the engineering of electrical and electronic systems and devices: power systems and grids, power electronics and conversion, electric machines and drives, circuit and semiconductor device design, and wireless power and sensing hardware. Encompasses both power-level and signal-level electrical/electronic engineering, including the electrical-engineering side of renewable energy integration. ARBITRATION vs Media Technology [Engineering], Materials Chemistry [Materials Science], and Electronic, Optical and Magnetic Materials [Materials Science]: this card owns physical-layer electrical/electronic hardware, circuits, and device/system engineering; media-content processing belongs to Media Technology (2214); chemical synthesis/composition of materials belongs to Materials Chemistry (2505); materials science of electronic/magnetic/optical functional response belongs to Electronic, Optical and Magnetic Materials (2504).",power systems and grid control; power electronics and DC-DC/AC-DC converters; electric machines and drives; analog/digital circuit and semiconductor device design; wireless power transfer; sensors and instrumentation electronics; grid integration of renewables (electrical side),"network transmission protocols and communications systems -> Computer Networks and Communications ; chemical synthesis routes and bulk compositional characterization of materials, as materials chemistry -> Materials Chemistry ; thermal power generation technology and energy policy -> Energy Engineering and Power Technology ; fundamental optics/photonics physics -> Atomic and Molecular Physics, and Optics ; medical devices and bioelectronics applied to the body -> Biomedical Engineering ; feedback control theory and systems engineering -> Control and Systems Engineering ; materials studied primarily for their electronic, magnetic, or optical functional response (e.g. dielectric, ferroelectric, magnetic, or photonic materials) as materials science rather than circuit/device engineering -> Electronic, Optical and Magnetic Materials ; audio/video/image compression, media signal processing, and multimedia/display system design as content-processing technology -> Media Technology",IEEE Transactions on Power Electronics; IEEE Transactions on Industrial Electronics; IEEE Transactions on Circuits and Systems,https://en.wikipedia.org/wiki/Electrical_engineering,high
2209,Industrial and Manufacturing Engineering,Engineering,"Covers the engineering of manufacturing systems and industrial production processes: manufacturing process design and optimization, production planning and scheduling, factory/industrial automation, Industry 4.0 and digital manufacturing, and industrial engineering methods (lean, quality, operations research) applied to production.",manufacturing process optimization; production scheduling and planning; factory and industrial automation; Industry 4.0 / digital manufacturing; flexible and reconfigurable manufacturing systems; industrial engineering methods and operations research; supply chain and logistics engineering,"waste management, recycling and disposal of industrial/municipal waste streams -> Waste Management and Disposal ; materials-science-level processing (composition, microstructure) of engineering materials -> Materials Chemistry",International Journal of Production Research; Journal of Manufacturing Systems; Robotics and Computer-Integrated Manufacturing,https://en.wikipedia.org/wiki/Industrial_engineering,high
2210,Mechanical Engineering,Engineering,"Covers mechanical engineering broadly: machine and mechanism design, thermal and fluid systems, welding and joining, vibration and dynamics analysis, automotive/vehicle mechanical systems, and mechanical testing of engineering components. Serves as the general mechanical-engineering-research-and-applications home.",machine design and mechanisms; welding and joining techniques; vibration and dynamics analysis; thermal and thermo-mechanical systems; automotive/vehicle mechanical engineering; mechanical testing of components; fluid machinery and HVAC,"fundamental mechanics-of-materials theory (stress-strain, fracture, elasticity at the material level) -> Mechanics of Materials ; materials synthesis/chemistry of engineering materials -> Materials Chemistry ; structural engineering of buildings and civil infrastructure -> Civil and Structural Engineering ; computational/numerical mechanics methods as the primary research focus -> Computational Mechanics ; renewable-energy-focused sustainability applications -> Renewable Energy, Sustainability and the Environment ; polymer/plastics materials engineering -> Polymers and Plastics ; vehicle-specific systems and components (powertrain, brakes, chassis, vehicle dynamics) studied for road vehicles -> Automotive Engineering",Mechanical Systems and Signal Processing; Journal of Mechanical Design; International Journal of Mechanical Sciences,https://en.wikipedia.org/wiki/Mechanical_engineering,high
2211,Mechanics of Materials,Engineering,"Covers the mechanical behavior of materials and structures at the theoretical/continuum level: elasticity and plasticity theory, fracture and fatigue mechanics, wave propagation, composite mechanics, rock/geomechanics, and numerical methods for solid mechanics.",elasticity and plasticity theory; fracture and fatigue mechanics; wave propagation in solids; mechanical behavior of composites; rock mechanics and geomechanics; numerical/computational solid mechanics; material constitutive modeling,"applied mechanical engineering design and machinery -> Mechanical Engineering ; materials chemistry, synthesis and characterization -> Materials Chemistry ; development of numerical methods for mechanics (formulations, discretisation, solvers) as the contribution -> Computational Mechanics ; composite materials studied as a material class (constituents, processing, microstructure) -> Ceramics and Composites",Mechanics of Materials; International Journal of Solids and Structures; Engineering Fracture Mechanics,https://en.wikipedia.org/wiki/Mechanics_of_materials,high
2212,Ocean Engineering,Engineering,"Engineering design, analysis and technology for structures, vessels and systems that operate in or on the ocean: naval architecture and ship design, offshore and coastal structures, subsea/underwater systems, and marine renewable-energy devices. Covers the built engineering side of ocean activity, not the natural science of the ocean itself.","naval architecture and ship/vessel design; offshore platform and structure engineering; coastal, harbor and port engineering; subsea and underwater systems (including autonomous underwater vehicles); marine renewable energy device engineering (wave and tidal converters); ocean structures, moorings and marine hydrodynamics; underwater acoustics and sensing for engineering applications","the natural science of ocean currents, ocean chemistry and marine ecosystems, as opposed to the engineering structures placed in the ocean -> Oceanography",Ocean Engineering; Journal of Marine Science and Engineering; Applied Ocean Research; Marine Structures,https://en.wikipedia.org/wiki/Ocean_engineering,medium
2213,"Safety, Risk, Reliability and Quality",Engineering,"Covers engineering approaches to safety, risk assessment, reliability engineering and quality management across systems and industries, including reliability/maintenance optimization, fault diagnosis and prognostics, and transport/traffic safety analysis.",reliability engineering and modeling; risk assessment methods; safety engineering and analysis; quality management and optimization; maintenance planning and optimization; traffic and transport safety; fault diagnosis and prognostics,"occupational or environmental health/toxicological effects -> Health, Toxicology and Mutagenesis ; chemical-substance-specific laboratory or process safety and hazard management (as opposed to generic cross-engineering safety/reliability analysis) -> Chemical Health and Safety ; control-loop design and process control where the controller, not the reliability/risk model, is the contribution -> Control and Systems Engineering",Reliability Engineering & System Safety; Safety Science; Journal of Loss Prevention in the Process Industries,https://en.wikipedia.org/wiki/Reliability_engineering,high
2214,Media Technology,Engineering,"Covers technologies for creating, processing, transmitting and displaying media content: audio/video/image processing and compression, broadcasting and streaming technology, multimedia systems, digital media production tools, and display/imaging technology. ARBITRATION vs Electrical and Electronic Engineering [Engineering]: this card owns media-content processing, compression, and multimedia/display system design; the wireless physical-layer transmission hardware that carries broadcast/streaming signals belongs to Electrical and Electronic Engineering (2208).",audio/video/image compression and processing; broadcasting and streaming technology; multimedia systems design; digital media production technology; display and imaging technology; media signal processing,"network transmission protocols -> Computer Networks and Communications ; computer vision as a general AI/CS research topic -> Computer Vision and Pattern Recognition ; wireless physical-layer transmission engineering (RF/antenna and signal-transmission hardware) underlying broadcast and streaming delivery, as opposed to the media-content processing and system-design side -> Electrical and Electronic Engineering",IEEE Transactions on Multimedia; Multimedia Tools and Applications; Journal of Visual Communication and Image Representation,https://en.wikipedia.org/wiki/Media_technology,medium
2215,Building and Construction,Engineering,"Construction materials, methods and management, and the physical performance of buildings, including building energy efficiency, hygrothermal behavior, and sustainability assessment of construction.",construction materials and their performance in structures; building energy performance and efficiency; construction management and methods; building physics (hygrothermal properties); sustainable building assessment; building information modeling for construction,architectural design and theory -> Architecture ; structural analysis and design calculations -> Civil and Structural Engineering,Construction and Building Materials; Automation in Construction; Journal of Building Engineering; Building and Environment,https://en.wikipedia.org/wiki/Construction,high
2216,Architecture,Engineering,"Design of buildings and the built environment, including architectural theory and history, computational/parametric design methods, urban and landscape design, and sustainable architecture.",architectural design; architectural theory and history; computational/parametric design and BIM for design; urban design; landscape architecture; sustainable/green building design (design-level),structural calculations and load-bearing design -> Civil and Structural Engineering ; construction materials and methods -> Building and Construction,Architectural Science Review; Frontiers of Architectural Research; Journal of Architecture,https://en.wikipedia.org/wiki/Architecture,medium
2302,Ecological Modeling,Environmental Science,"Covers the mathematical and computational modeling of ecological systems and processes: population dynamics models, ecosystem simulation, species distribution/niche modeling, and theoretical/quantitative ecology.",population dynamics modeling; ecosystem simulation; species distribution and niche modeling; food-web and network modeling; theoretical/mathematical ecology; agent-based ecological models,"empirical field ecology and behavior studies without a primary modeling focus -> Ecology ; differential-equation and stability analysis of population or epidemic models where the mathematics, not the ecological system, is the contribution -> Applied Mathematics",Ecological Modelling; Ecological Complexity; Theoretical Ecology,https://en.wikipedia.org/wiki/Ecosystem_model,medium
2303,Ecology,Environmental Science,"Covers the study of organisms and their interactions with each other and their environment: animal and plant ecology and behavior, population and community ecology, host-parasite and symbiotic interactions, biodiversity assessment, and freshwater/aquatic ecology. ARBITRATION vs Ecology, Evolution, Behavior and Systematics [Agricultural and Biological Sciences]: this card owns ecology framed environmentally - ecosystems, environmental drivers, water bodies, biodiversity assessment as environmental monitoring. Organism-centred ecology, animal/plant behaviour, evolutionary biology, phylogenetics and taxonomy belong to the Agricultural and Biological Sciences twin, which is in a different DOMAIN - so this choice moves the topic across domains and must be made deliberately. ARBITRATION vs Management, Monitoring, Policy and Law [Environmental Science] and Nutrition and Dietetics [Health Sciences]: environmental-footprint and sustainability-impact assessment of food and dietary systems is named as belonging to Management, Monitoring, Policy and Law (2308); this card keeps organism- and ecosystem-level ecological study.",animal and plant ecology; behavioral ecology; population and community ecology; host-parasite and symbiotic interactions; biodiversity assessment (incl. eDNA); aquatic and freshwater ecology; water resources ecology,"climate change and large-scale/geological environmental change -> Global and Planetary Change ; landscape/habitat conservation and protected-area management -> Nature and Landscape Conservation ; evolutionary biology, phylogenetics, systematics, taxonomy or speciation - never Environmental Science regardless of the organisms involved -> Ecology, Evolution, Behavior and Systematics ; organism-centred behavioural ecology, life-history and population biology of named taxa -> Ecology, Evolution, Behavior and Systematics ; environmental-footprint, sustainability, and life-cycle-impact assessment of food and dietary systems, as an environmental-policy/governance contribution rather than organism/ecosystem ecology -> Management, Monitoring, Policy and Law",Ecology; Journal of Animal Ecology; Oikos,https://en.wikipedia.org/wiki/Ecology,high
2304,Environmental Chemistry,Environmental Science,"Covers the chemistry of pollutants and natural substances in environmental systems: detection, transformation, fate and transport of chemical contaminants (including marine/aquatic toxins) in air, water and soil, and related biogeochemical cycling.",environmental contaminant chemistry; analytical detection methods for pollutants; marine and aquatic toxin chemistry; biogeochemical cycling of chemicals; fate and transport of environmental chemicals,"health and toxicological effects of pollutants on organisms -> Health, Toxicology and Mutagenesis ; pollution source monitoring and abatement policy -> Pollution",Chemosphere; Environmental Science & Technology; Environmental Chemistry,https://en.wikipedia.org/wiki/Environmental_chemistry,medium
2305,Environmental Engineering,Environmental Science,"Covers engineered systems and technologies for environmental protection and remediation: water and wastewater treatment, air pollution control, soil and groundwater remediation, and environmental monitoring/sustainable-design technology. ARBITRATION vs Water Science and Technology [Environmental Science] and Pollution [Environmental Science]: this card owns the engineering design of treatment processes and unit operations (plant/process engineering) across media; water-resource management and supply-system planning belong to Water Science and Technology (2312); the scientific study of pollutant sources, fate, and impact belongs to Pollution (2310).","engineering design of water and wastewater treatment processes and unit operations (process/plant engineering), as distinct from the water-resource-management framing of the same treatment goals; air pollution control engineering; soil and groundwater remediation; environmental monitoring technology; sustainable engineering design for environmental protection","large-scale climate/planetary change science -> Global and Planetary Change ; water-resource management, hydrology, water-quality assessment, and supply-system planning framed as water-resource science rather than treatment-process engineering -> Water Science and Technology ; the scientific study of pollutant sources, environmental fate, transport, and ecological/health impact, as opposed to the engineered technology used to remove or control them -> Pollution",Journal of Environmental Engineering; Water Research; Environmental Science & Technology,https://en.wikipedia.org/wiki/Environmental_engineering,medium
2306,Global and Planetary Change,Environmental Science,"Covers large-scale, long-term environmental and climatic change at regional to planetary scales: climate change and its impacts, large-scale environmental change assessment, fire and disturbance ecology at landscape scale, and global environmental/air-quality trends.",climate change science and impacts; large-scale environmental change assessment; fire and disturbance ecology; regional/global air quality trends; global change and societal impacts,"species- or community-level ecological studies -> Ecology ; engineered pollution-control or remediation systems -> Environmental Engineering ; atmospheric physics/chemistry process studies -> Atmospheric Science ; site- or landscape-scale conservation management (protected-area/habitat management at a specific site or landscape, as opposed to continental/global-scale change analysis) -> Nature and Landscape Conservation ; ocean and cryosphere dynamics studied as physical systems (circulation, sea-ice mass balance) -> Oceanography",Global and Planetary Change; Global Change Biology; Climatic Change,https://en.wikipedia.org/wiki/Global_change,high
2307,"Health, Toxicology and Mutagenesis",Environmental Science,"Covers the health and toxicological effects of environmental exposures on humans and organisms: air-quality health impacts, ecotoxicology, heavy-metal and chemical exposure/toxicity, mutagenesis/genotoxicity, and environmental epidemiology.",environmental toxicology and ecotoxicology; air quality and health impacts; heavy metal and chemical exposure studies; mutagenesis and genotoxicity; environmental epidemiology,"pollution source monitoring and abatement policy without a health-effects focus -> Pollution ; population health policy, exposure surveillance and prevention programming as the contribution -> Public Health, Environmental and Occupational Health",Environmental Health Perspectives; Ecotoxicology and Environmental Safety; Toxicology and Applied Pharmacology,https://en.wikipedia.org/wiki/Environmental_toxicology,high
2308,"Management, Monitoring, Policy and Law",Environmental Science,"Governance, policy, law, and management frameworks for environmental protection and sustainable development. Covers environmental impact assessment, environmental economics and finance, regulatory compliance, and institutional/corporate environmental management. ARBITRATION vs Ecology [Environmental Science] and Nutrition and Dietetics [Health Sciences]: sustainable-diet and food-system environmental-footprint research is named as belonging here (impact-assessment/governance framing); the health/nutritional-effect framing of diet belongs to Nutrition and Dietetics (2916); organism/ecosystem-level ecology belongs to Ecology (2303).",environmental policy and law; environmental impact assessment; sustainable development strategy; environmental governance and institutions; environmental economics and finance; natural resource management policy; environmental compliance and management systems of organisations; environmental monitoring and regulatory frameworks; environmental-footprint and sustainability/life-cycle impact assessment of food systems and dietary patterns,"technical water resource management, hydrology, and water treatment -> Water Science and Technology ; corporate social responsibility, business ethics and sustainability strategy studied as firm management -> Strategy and Management ; the health/nutritional effects of diet and food composition on human health, rather than the environmental-impact assessment of food systems -> Nutrition and Dietetics ; organism- and ecosystem-level ecological study of food-producing species/habitats, rather than governance/impact-assessment framing -> Ecology",Journal of Environmental Management; Environmental Science & Policy; Ecological Economics; Journal of Environmental Planning and Management,https://en.wikipedia.org/wiki/Environmental_policy,high
2309,Nature and Landscape Conservation,Environmental Science,"Conservation biology and landscape-scale management of natural habitats, ecosystems, and species. Covers protected-area management, biodiversity and wildlife conservation, habitat restoration, and conservation planning and policy.",protected area management; biodiversity conservation; wildlife and species conservation; habitat and ecosystem restoration; landscape ecology and planning; conservation policy; endangered species management; fisheries and wildlife management; geoconservation and geoheritage: conservation of abiotic natural features and landscapes,"general population, community, and theoretical ecology not tied to conservation practice -> Ecology ; continental- or global-scale environmental-change analysis (large-scale climate/land-use change assessment), as opposed to site/landscape-scale conservation management -> Global and Planetary Change",Biological Conservation; Conservation Biology; Landscape Ecology; Journal of Applied Ecology,https://en.wikipedia.org/wiki/Nature_conservation,high
2310,Pollution,Environmental Science,"Sources, fate, transport, and environmental impact of pollutants in air, water, and soil. Covers pollutant monitoring, environmental contamination by chemicals/plastics/metals, and remediation of contaminated environments. ARBITRATION vs Environmental Engineering [Environmental Science] and Water Science and Technology [Environmental Science]: this card owns the scientific study of pollutant sources, chemistry, fate, transport, and impact; engineered treatment-plant/process technology belongs to Environmental Engineering (2305); water-resource management framing belongs to Water Science and Technology (2312).",microplastics and plastic pollution; pesticide and herbicide contamination; heavy metal and trace element pollution; pharmaceutical and antibiotic environmental contamination; air pollution; soil contamination; bioremediation of pollutants; environmental fate and transport of contaminants,"human health toxicology, mutagenesis, and disease mechanisms from exposure -> Health, Toxicology and Mutagenesis ; organism/enzyme-mechanism framing of bioremediation (microbial degradation pathways, enzyme engineering for pollutant breakdown), as opposed to contaminant-fate/site-remediation framing -> Applied Microbiology and Biotechnology ; the engineering design of treatment plants, unit operations, and remediation technology systems, as opposed to the scientific study of a contaminant's sources, fate, transport, and impact -> Environmental Engineering",Environmental Pollution; Chemosphere; Science of the Total Environment; Marine Pollution Bulletin,https://en.wikipedia.org/wiki/Pollution,high
2311,Waste Management and Disposal,Environmental Science,"Covers the management, treatment and disposal of solid and liquid waste streams: municipal solid waste management, recycling technologies, landfill design and impact, waste-to-energy and resource recovery, and nutrient/agricultural waste management.",municipal solid waste management; recycling technologies and processes; landfill design and environmental impact; waste-to-energy and resource recovery; nutrient/phosphorus and agricultural waste management; hazardous waste management,manufacturing process engineering and production systems -> Industrial and Manufacturing Engineering ; pollution source monitoring and abatement policy -> Pollution,"Waste Management; Resources, Conservation and Recycling; Journal of Cleaner Production",https://en.wikipedia.org/wiki/Waste_management,low
2312,Water Science and Technology,Environmental Science,"Science and technology of water resources: hydrology, watershed processes, water quality, and water treatment/management systems. Covers both natural water systems and engineered technologies for water supply and treatment. ARBITRATION vs Environmental Engineering [Environmental Science] and Pollution [Environmental Science]: this card owns water as a resource system - hydrology, water-resource management, supply and integrated water management, including its treatment goals; the engineering design of treatment processes and unit operations belongs to Environmental Engineering (2305); the chemistry, fate, and transport science of pollutants belongs to Pollution (2310).",hydrology and watershed management; integrated water resources management; water quality assessment and technical monitoring; water and wastewater treatment technology; groundwater studies; irrigation and agricultural water management; drinking water supply systems,"environmental governance, policy, and legal frameworks for water resources -> Management, Monitoring, Policy and Law ; the chemical/mechanistic study of pollutant removal, adsorption, and sorption processes (contaminant chemistry and reaction mechanism), as opposed to the water-resource system it occurs within -> Pollution ; the engineering design of treatment processes and unit operations (plant/process engineering) for water and wastewater, as opposed to the water-resource-management framing of supply, quality, and integrated management -> Environmental Engineering",Water Research; Journal of Hydrology; Water Resources Research; Hydrology and Earth System Sciences,https://en.wikipedia.org/wiki/Hydrology,high
3600,General Health Professions,Health Professions,"The broad, generalist field of allied and applied health professions practice, covering topics that cut across specific health-profession disciplines rather than belonging to a single one. As a 'General' bucket, this is the last-resort home for health-professions topics of professional practice, workforce, education and communication that span or sit outside the narrower professions (pharmacy, physical therapy, speech and hearing, etc.). ARBITRATION vs Internal Medicine [Medicine]: cross-cutting allied-health workforce, policy, communication, and equity topics not owned by a single named allied-health discipline stay here; single-specialty clinical diagnosis and treatment belongs to the relevant Medicine subfield (Internal Medicine for undifferentiated adult disease). ARBITRATION vs Public Health [Medicine] and Health [Social Sciences]: this bucket holds allied-health professions practice, workforce and education that no named profession card owns; population health policy and SDOH research go to Public Health; health as a social-science object goes to Health [Social Sciences].",implementation of care-delivery changes within allied-health services; health literacy and communication; healthcare workforce burnout and wellbeing; patient-provider communication; interprofessional healthcare education; allied-health professional practice with underserved and diverse populations; cross-cutting allied health topics,"pharmacy practice and pharmaceutical dispensing -> Pharmacy ; physical rehabilitation and sports therapy -> Physical Therapy, Sports Therapy and Rehabilitation ; speech-language pathology and audiology -> Speech and Hearing ; diagnosis and treatment of disease owned by a single named physician specialty (e.g. general/multisystem adult medicine) -> Internal Medicine ; population-level health policy, prevention programming, health-system financing and social-determinants-of-health research as the contribution -> Public Health, Environmental and Occupational Health ; health inequalities, health-related social policy and health as a social-science object -> Health",Journal of Interprofessional Care; BMC Health Services Research; Health Policy,https://en.wikipedia.org/wiki/Health_professional,high
3603,Complementary and Manual Therapy,Health Professions,"Practice and research on complementary, alternative, and manual therapeutic modalities used alongside or instead of conventional medicine, including chiropractic, osteopathic manipulation, massage therapy, acupuncture, and other manual/hands-on healing practices.",chiropractic care; osteopathic manipulative treatment; massage therapy; acupuncture; manual/hands-on therapy techniques; integrative and alternative medicine practice,"exercise-based physical rehabilitation and sports injury therapy -> Physical Therapy, Sports Therapy and Rehabilitation",Journal of Manipulative and Physiological Therapeutics; Complementary Therapies in Medicine; Journal of Bodywork and Movement Therapies,https://en.wikipedia.org/wiki/Alternative_medicine,medium
3604,Emergency Medical Services,Health Professions,"The pre-hospital and first-response delivery of emergency care: paramedic and EMT practice, ambulance services, emergency dispatch, disaster and mass-casualty response, and the training and systems that support out-of-hospital emergency medical care.",paramedic and EMT practice; ambulance services and dispatch; pre-hospital trauma care; disaster and mass-casualty response; first responder training; emergency medical systems design,in-hospital emergency department clinical medicine -> Emergency Medicine,Prehospital Emergency Care; Resuscitation; Prehospital and Disaster Medicine,https://en.wikipedia.org/wiki/Emergency_medical_services,medium
3605,Health Information Management,Health Professions,"Management, coding, and quality assurance of clinical and health data and records. Covers medical/clinical coding, health record systems administration, and the quality and accuracy of health information used for care and reimbursement.",clinical/medical coding accuracy; health record systems administration; hospital and clinical information systems management; healthcare data quality and governance; health information privacy and compliance; coding classification systems (e.g. ICD),"technical clinical-decision-support system design, EHR system architecture, and health-data-analytics methodology, as opposed to the coding/classification and records-management contribution -> Health Informatics ; general organizational information-systems management not specific to health-record coding, classification, or governance -> Information Systems ; broad, cross-cutting health-professions workforce, communication, or policy-implementation topics not specific to health-data coding or records management -> General Health Professions",Perspectives in Health Information Management; Health Information Management Journal; International Journal of Medical Informatics,https://en.wikipedia.org/wiki/Health_information_management,medium
3607,Medical Laboratory Technology,Health Professions,"The applied practice of clinical/medical laboratory science: performing, quality-controlling, and interpreting diagnostic laboratory tests (hematology, clinical chemistry, microbiology, immunoassay) as a health profession, including laboratory technician training and lab operations.",clinical laboratory testing; medical lab technician practice; laboratory quality control; diagnostic test performance and interpretation; point-of-care testing; lab accreditation and training,underlying pathology science and disease diagnosis theory -> Pathology and Forensic Medicine,Clinical Laboratory Science; Laboratory Medicine; Journal of Clinical Laboratory Analysis,https://en.wikipedia.org/wiki/Medical_laboratory,medium
3608,Medical Terminology,Health Professions,"The study, standardization, and education of medical vocabulary, coding, and clinical documentation language used across health professions, including medical coding systems, clinical terminology standards, and terminology education for health-profession students.","medical coding (ICD, CPT, SNOMED); clinical documentation standards; medical vocabulary education; terminology standardization for health records; medical language processing for documentation",clinical natural-language-processing and text-mining research methods -> Health Informatics,Journal of the American Medical Informatics Association; Health Information Management Journal,https://en.wikipedia.org/wiki/Medical_terminology,low
3609,Occupational Therapy,Health Professions,"Occupational therapy practice and research: rehabilitation to restore or support daily-living and work function through purposeful activity, assistive adaptation and functional assessment. Not occupational HEALTH (workplace disease and exposure), which is Public Health.",occupational therapy practice and research; work-related functional rehabilitation and return-to-work therapy; workplace ergonomics; adaptation of work tasks and environments for individual clients (ergonomic and assistive adaptation); return-to-work rehabilitation; functional and disability assessment,"population-level occupational-health policy, workplace-hazard surveillance, and regulatory/public-health framing of occupational safety -> Public Health, Environmental and Occupational Health ; engineering-focused hazard, risk, and reliability analysis or safety-systems engineering, as opposed to individual-patient functional/rehabilitative practice -> Safety, Risk, Reliability and Quality ; physical rehabilitation and sports-injury therapy practice, as distinct from occupational/functional-task-focused therapy -> Physical Therapy, Sports Therapy and Rehabilitation ; occupational health: workplace disease, hazard exposure and worker health outcomes as the object -> Public Health, Environmental and Occupational Health",American Journal of Occupational Therapy; Occupational and Environmental Medicine; Journal of Occupational Rehabilitation,https://en.wikipedia.org/wiki/Occupational_therapy,medium
3611,Pharmacy,Health Professions,"The professional practice of pharmacy: dispensing medications, pharmaceutical care, medication management and counseling, clinical pharmacy services, pharmacy education, and the operational/regulatory aspects of running a pharmacy, as distinct from the underlying pharmacological science of drugs.",clinical pharmacy practice; medication dispensing and management; pharmaceutical care and counseling; pharmacy education and training; pharmacy regulation and operations; medication adherence and safety in practice,"drug mechanism, pharmacokinetics, and pharmacodynamics research -> Pharmacology ; drug discovery and formulation science -> Drug Discovery",American Journal of Health-System Pharmacy; Research in Social and Administrative Pharmacy; International Journal of Clinical Pharmacy,https://en.wikipedia.org/wiki/Pharmacy,high
3612,"Physical Therapy, Sports Therapy and Rehabilitation",Health Professions,"The professional practice of physical rehabilitation: physiotherapy, sports injury treatment and prevention, exercise-based rehabilitation, and restoration of movement and function after injury, surgery, or disability.",physiotherapy practice; sports injury treatment and prevention; exercise-based rehabilitation; post-surgical/post-stroke rehabilitation; musculoskeletal rehabilitation; athletic training; exercise and physical-activity interventions for health and function,"manual/alternative therapy (chiropractic, massage, acupuncture) -> Complementary and Manual Therapy ; occupational therapy for daily-living function -> Occupational Therapy",Physical Therapy; Journal of Orthopaedic & Sports Physical Therapy; British Journal of Sports Medicine,https://en.wikipedia.org/wiki/Physical_therapy,high
3614,Radiological and Ultrasound Technology,Health Professions,"Technology and allied-health practice of diagnostic medical imaging: operation of radiologic (X-ray, CT, MRI) and ultrasound/sonography equipment, imaging protocols, and technologist training and practice.",diagnostic radiography practice; ultrasound/sonography technique; radiologic technologist training; medical imaging equipment operation; imaging quality assurance and protocols; patient positioning for imaging,"physician-level diagnostic interpretation of images and clinical radiology practice, as opposed to the technologist's equipment operation and imaging-protocol execution -> Radiology, Nuclear Medicine and Imaging ; engineering design and development of the imaging hardware and instrumentation itself -> Biomedical Engineering ; broad, cross-cutting allied-health workforce or policy topics not specific to imaging-technologist practice -> General Health Professions",Radiologic Technology; Journal of Diagnostic Medical Sonography; Radiography,https://en.wikipedia.org/wiki/Radiographer,medium
3616,Speech and Hearing,Health Professions,"The professional practice and applied science of speech-language pathology and audiology: assessment and treatment of speech, language, voice, swallowing, and hearing disorders across the lifespan. ARBITRATION vs Otorhinolaryngology [Medicine]: this card owns non-surgical audiology and speech-language pathology practice; medical and surgical diagnosis/treatment of ENT disease belongs to Otorhinolaryngology (2733).",speech-language pathology; audiology and hearing assessment; hearing aids and cochlear implants (clinical use); voice and swallowing disorders; language disorder therapy; communication disorders in children and adults,"underlying neuroscience of language and cognition -> Experimental and Cognitive Psychology ; population health effects of environmental noise and hearing-loss prevention policy -> Public Health, Environmental and Occupational Health ; medical and surgical diagnosis/treatment of ear, nose, throat, and head-and-neck disease (otologic/laryngologic/head-neck surgery) as opposed to non-surgical speech-language and audiology therapy practice -> Otorhinolaryngology","Journal of Speech, Language, and Hearing Research; International Journal of Language & Communication Disorders; Ear and Hearing",https://en.wikipedia.org/wiki/Speech-language_pathology,high
2402,Applied Microbiology and Biotechnology,Immunology and Microbiology,"Applied and industrial uses of microorganisms and microbial processes for biotechnological ends. Covers fermentation and bioprocessing, industrial enzyme production, microbial biofuel and biomaterial production, and microbial bioremediation.",fermentation technology; industrial enzyme production; microbial bioprocessing and biomanufacturing; biofuel production via microorganisms; food and agricultural microbial biotechnology; bioremediation using microorganisms; genetic engineering of microbes for industrial use; microbial biosensors,"basic microbial physiology, genetics, and taxonomy not tied to an applied/industrial process -> Microbiology ; fuel properties, upgrading, and combustion behavior of biofuels (as opposed to the microbial production process itself) -> Fuel Technology ; contaminant-fate and site-remediation framing of bioremediation (pollutant transport, environmental cleanup outcomes), as opposed to the organism/enzyme-mechanism framing -> Pollution ; natural-product chemistry and bioactivity from non-microbial sources (plants, marine invertebrates) studied as chemistry or pharmacology -> Pharmacology",Applied Microbiology and Biotechnology; Bioresource Technology; Journal of Industrial Microbiology and Biotechnology,https://en.wikipedia.org/wiki/Industrial_microbiology,high
2403,Immunology,Immunology and Microbiology,"Biology of the immune system: innate and adaptive immunity, immune signaling, inflammation, and the immune response to infection, disease, and therapy. Covers both basic immune mechanisms and their clinical/therapeutic application.","innate and adaptive immune response; cytokine and chemokine signaling; autoimmune disease mechanisms; immunotherapy; inflammation biology; immune cell biology (T cells, B cells, macrophages); vaccine immunology; immune response in chronic disease (e.g. atherosclerosis)","clinical management of allergy, immunodeficiency and hypersensitivity in patients -> Immunology and Allergy ; host-pathogen work in which the pathogen's own biology is the object of study -> Microbiology ; inflammation studied as a cell- or molecular-signalling mechanism without an immune-system framing -> Cell Biology",Journal of Immunology; Immunity; Nature Immunology; Frontiers in Immunology,https://en.wikipedia.org/wiki/Immunology,high
2404,Microbiology,Immunology and Microbiology,"Basic biology of microorganisms (bacteria, fungi, archaea): their physiology, genetics, taxonomy, ecology, and diversity, in clinical, environmental, or general contexts, distinct from virus-specific biology and from applied/industrial biotechnology. ARBITRATION vs Microbiology [Medicine]: basic microbial physiology, taxonomy, genetics, ecology and environmental/industrial microbiology stay here regardless of the organism's clinical relevance; the clinical-laboratory practice of diagnosing and managing microbial infection in patients (bacteriology/mycology diagnostics, susceptibility testing, hospital infection control) belongs to Microbiology [Medicine].",bacterial physiology and genetics; microbial taxonomy and diversity; microbial ecology; antimicrobial resistance mechanisms; fungal biology; microbiome research; general clinical and environmental microbiology,"applied/industrial microbial processes and biotechnology -> Applied Microbiology and Biotechnology ; virus biology -> Virology ; parasitic organism biology -> Parasitology ; infectious disease of a named production-animal group where the subject is herd health, production loss or control programmes rather than the biology of the organism -> Animal Science and Zoology ; clinical/diagnostic medical microbiology: bacteriology and mycology practiced for patient diagnosis, antimicrobial susceptibility testing, and infection-control practice in healthcare settings -> Microbiology",Journal of Bacteriology; Applied and Environmental Microbiology; Nature Microbiology,https://en.wikipedia.org/wiki/Microbiology,high
2405,Parasitology,Immunology and Microbiology,"Biology, epidemiology, and diagnostics of parasitic organisms and the vector-borne diseases they cause, including host-parasite interactions and the arthropod/animal vectors that transmit them.","protozoan parasites (e.g. Toxoplasma, Leishmania); helminth infections; vector-borne disease transmission; parasite diagnostics; host-parasite interaction biology; vector biology (mosquitoes, ticks); zoonotic parasitic infections transmitted by arthropod vectors","clinical diagnosis and treatment of parasitic disease in patients -> Infectious Diseases ; the insect or arthropod vector studied as an organism - its biology, control or ecology -> Insect Science ; bacterial zoonoses (spirochaetes, rickettsiae, Bartonella) studied as infectious disease -> Infectious Diseases ; the biology of bacterial zoonotic agents as microorganisms -> Microbiology",Trends in Parasitology; Parasites & Vectors; International Journal for Parasitology,https://en.wikipedia.org/wiki/Parasitology,high
2406,Virology,Immunology and Microbiology,"Biology of viruses: their structure, replication, genetics, pathogenesis, and interaction with host organisms, including emerging and zoonotic viral diseases.",viral replication and structure; viral genetics and evolution; host-virus interaction; antiviral mechanisms and drug targets; viral pathogenesis; emerging and zoonotic viral diseases; viral vaccine biology,"viral disease of a named production-animal group (livestock, poultry, farmed fish) where the subject is the disease burden, surveillance, vaccination programme or herd management rather than the biology of the virus -> Animal Science and Zoology",Journal of Virology; Virology; Antiviral Research,https://en.wikipedia.org/wiki/Virology,high
2500,General Materials Science,Materials Science,"Last-resort bucket for materials science research that is genuinely cross-cutting or does not fit a specific material class (metals, polymers, ceramics, electronic/optical/magnetic materials, etc.): broad reviews, general characterization methods, and emerging materials that don't yet have a natural specific home. This card is a genuine last resort: use it only after Biomaterials (2502), Ceramics and Composites (2503), Electronic, Optical and Magnetic Materials (2504), Materials Chemistry (2505), Metals and Alloys (2506), Polymers and Plastics (2507), and Surfaces, Coatings and Films (2508) have all been ruled out, and after the specific chemistry subfields (Inorganic Chemistry 1604, Physical and Theoretical Chemistry 1606) have been ruled out for chemistry-framed contributions.",general materials characterization techniques; cross-class material reviews; emerging/novel material classes not yet specialized; materials science methodology; interdisciplinary materials topics,"materials whose defining property is electronic, magnetic, or optical response (semiconductors, magnetics, dielectrics, photonics) -> Electronic, Optical and Magnetic Materials ; materials chemistry: synthesis routes and chemical composition/characterization of solid materials -> Materials Chemistry ; metals and metallic alloys as a material class -> Metals and Alloys ; polymer and plastic materials as a material class -> Polymers and Plastics ; surface, coating, and thin-film science -> Surfaces, Coatings and Films ; materials designed to function inside or interface with the body -> Biomaterials ; ceramics and composite materials as a class -> Ceramics and Composites ; the inorganic chemistry of a material's synthesis and reactivity, studied as chemistry rather than materials science -> Inorganic Chemistry ; the physical/theoretical chemistry treatment (thermodynamics, kinetics, quantum chemistry) of a material, studied as chemistry rather than materials science -> Physical and Theoretical Chemistry",Materials Today; Journal of Materials Science; Materials,https://en.wikipedia.org/wiki/Materials_science,medium
2502,Biomaterials,Materials Science,"Materials engineered or characterized for interaction with biological systems, especially biomedical applications. Covers biocompatible and biodegradable materials, tissue engineering scaffolds, and natural/bio-derived materials such as collagen, silk, and chitosan.",tissue engineering scaffolds; biocompatible and biodegradable polymers; collagen- and silk-based biomaterials; electrospun nanofibers for biomedical use; drug delivery biomaterials; natural biomaterial extraction and characterization; bio-based/biopolymer packaging materials,chemical synthesis and general compositional chemistry of biomaterial precursor compounds -> Materials Chemistry,Biomaterials; Acta Biomaterialia; Journal of Biomedical Materials Research,https://en.wikipedia.org/wiki/Biomaterial,high
2503,Ceramics and Composites,Materials Science,"Structural and functional ceramic materials and composite materials engineering. Covers ceramic processing and properties, fiber-reinforced and matrix composites, and their mechanical and thermal characterization.",ceramic processing and sintering; structural and functional ceramics; ceramic-matrix and metal-matrix composites; fiber-reinforced polymer composites; mechanical properties of composites; thermal barrier coatings; glass-ceramics,"chemical synthesis routes and compositional chemistry of ceramic/composite precursor materials -> Materials Chemistry ; structural mechanics of composite parts (stress, fatigue, failure analysis of structures) where the structure, not the material, is the object -> Mechanics of Materials",Journal of the European Ceramic Society; Composites Science and Technology; Ceramics International; Composites Part B: Engineering,https://en.wikipedia.org/wiki/Ceramic_engineering,high
2504,"Electronic, Optical and Magnetic Materials",Materials Science,"Materials science of substances defined by their electronic, magnetic, or optical response: semiconductors, magnetic materials, dielectrics, optical/photonic materials, and other functional materials whose defining useful property is charge transport, magnetism, or light interaction. Covers structure-property relationships and device-relevant materials physics for these functional responses. ARBITRATION vs Electrical and Electronic Engineering [Engineering] and Materials Chemistry [Materials Science]: this card owns the materials science of electronic/magnetic/optical functional response (dielectrics, ferroelectrics, magnetics, photonics); circuit/device/system engineering using these materials belongs to Electrical and Electronic Engineering (2208); chemical synthesis/composition work belongs to Materials Chemistry (2505).","semiconductors and doped materials; magnetic materials (ferro-, ferri-, multiferroics, Heusler alloys); dielectric and ferroelectric materials; optical and photonic materials; organic/molecular conductors and semiconductors; spintronic materials; superconducting materials; thermoelectric materials","synthesis routes and bulk chemical characterization of materials -> Materials Chemistry ; fundamental atomic/molecular-scale optics and light-matter interaction physics -> Atomic and Molecular Physics, and Optics ; circuit, device, and system engineering applications built using electronic/magnetic/optical materials, as opposed to the materials science of the functional response itself -> Electrical and Electronic Engineering",Advanced Electronic Materials; Journal of Magnetism and Magnetic Materials; physica status solidi; Optical Materials,,high
2505,Materials Chemistry,Materials Science,"Chemistry-driven materials science: synthesis, chemical composition, and structure-property characterization of solid materials including nanomaterials, ceramics, composite materials, carbon materials, and inorganic/organic functional compounds. Emphasis is on chemical synthesis routes and physicochemical properties rather than a specific end-use device class. ARBITRATION vs Electrical and Electronic Engineering [Engineering] and Electronic, Optical and Magnetic Materials [Materials Science]: this card owns chemical synthesis and physicochemical characterization of materials; device/circuit engineering applications belong to Electrical and Electronic Engineering (2208); materials defined by electronic/magnetic/optical functional response belong to Electronic, Optical and Magnetic Materials (2504). Materials designed to function inside or interface with the body belong to Biomaterials (2502); the device engineering that uses them belongs to Biomedical Engineering (2204); energy-conversion/fuel materials not for the body belong to Renewable Energy, Sustainability and the Environment (2105) or Fuel Technology (2103) depending on framing.","nanomaterials synthesis and characterization; ceramics and inorganic compounds; carbon materials (graphene, nanotubes, boron-carbon); ferrites and magnetic oxide chemistry; polyoxometalates and coordination materials; composite material chemistry; chemical and physical property characterization of materials","electrical/electronic device engineering applications of materials -> Electrical and Electronic Engineering ; materials defined primarily by electronic/optical/magnetic functional response -> Electronic, Optical and Magnetic Materials ; mechanical engineering design and manufacturing using materials -> Mechanical Engineering ; mechanical/structural behavior and failure of materials under load -> Mechanics of Materials ; polymer-specific synthesis and processing -> Polymers and Plastics ; materials for biomedical/in-body applications -> Biomaterials",Chemistry of Materials; Journal of Materials Chemistry A; ACS Applied Materials & Interfaces; Materials Chemistry and Physics,,high
2506,Metals and Alloys,Materials Science,"Metallurgy and the science/engineering of metallic materials: alloy design, phase behavior, microstructure, processing (casting, forming, heat treatment), and the mechanical/physical properties of metals and alloys.","alloy design and phase diagrams; metallurgical processing (casting, forming, heat treatment, welding); microstructure of metals; corrosion of metals; metal matrix composites; light and structural alloys","electrochemical corrosion mechanisms and protection, ONLY when the paper's core contribution is mechanism-centric (electrode kinetics, passivation chemistry); metallurgy- and microstructure-centric corrosion studies stay here -> Electrochemistry",Metallurgical and Materials Transactions A; Materials Science and Engineering: A; Journal of Alloys and Compounds,https://en.wikipedia.org/wiki/Alloy,high
2507,Polymers and Plastics,Materials Science,"Polymer science and engineering: synthesis, structure, crystallization, and processing of polymers, plastics, elastomers, and polymer-based composites/nanocomposites, plus characterization of their mechanical and functional properties.","polymer synthesis and characterization; polymer crystallization and morphology; polymer nanocomposites; polymer processing (foaming, molding, resins); self-healing and stimuli-responsive polymers; elastomers and rubber materials",general materials chemistry not specific to polymers -> Materials Chemistry ; mechanical engineering design/manufacturing using polymer parts -> Mechanical Engineering,Polymer; Macromolecules; Journal of Polymer Science; Polymer Chemistry,https://en.wikipedia.org/wiki/Polymer,high
2508,"Surfaces, Coatings and Films",Materials Science,"Science of surfaces, thin films, and coatings: surface modification, deposition techniques, film growth, and surface-specific properties such as wettability, adhesion, and corrosion/wear protection.",thin-film deposition and growth; surface modification and functionalization; coatings for corrosion/wear protection; wettability and superhydrophobic surfaces; surface characterization techniques; multilayer and nanostructured films,"surface thermodynamics, adsorption equilibria, and physical-chemical theory of surface phenomena, studied as physical/theoretical chemistry rather than materials/coatings engineering -> Physical and Theoretical Chemistry ; analytical determination and quantification of surface composition using chemical-analysis methods, where the analytical method is the contribution rather than the coating/film material itself -> Analytical Chemistry ; bulk chemical synthesis and composition of the coating/film material itself, as opposed to its surface-specific deposition and functional behavior -> Materials Chemistry ; mechanical wear, friction, and structural-failure behavior of coated/thin-film systems under load, studied as materials mechanics -> Mechanics of Materials",Surface and Coatings Technology; Thin Solid Films; Applied Surface Science,https://en.wikipedia.org/wiki/Coating,high
2602,Algebra and Number Theory,Mathematics,"Pure mathematics of algebraic structures and number-theoretic objects: groups, rings, fields, modules, algebras, and the properties of integers and their generalizations, including analytic and algebraic number theory.",group theory; ring and module theory; field theory; analytic number theory; algebraic number theory; Diophantine equations; representation theory,"discrete/combinatorial structures, graph theory, and enumerative combinatorics studied for their combinatorial properties rather than as algebraic objects -> Discrete Mathematics and Combinatorics ; algebraic structures (Lie algebras, group representations) developed and motivated by a physical theory, framed as mathematical physics -> Mathematical Physics ; geometric and topological structures and their invariants, even when studied via algebraic methods (algebraic geometry/topology framed as geometry) -> Geometry and Topology ; numerical and computational algorithms for solving algebraic or number-theoretic problems, where the applied-computation contribution is primary -> Applied Mathematics",Journal of Algebra; Journal of Number Theory; Algebra & Number Theory,https://en.wikipedia.org/wiki/Number_theory,high
2604,Applied Mathematics,Mathematics,"Mathematical methods and analysis developed for application to real-world and scientific problems: differential equations (ODEs, PDEs, boundary value problems), harmonic and functional analysis, and mathematical techniques used across the sciences and engineering.",ordinary and partial differential equations; boundary value problems; harmonic analysis; integral transforms and special functions; perturbation and asymptotic methods; mathematical modeling techniques; functional analysis applications; mathematical epidemiology and population-dynamics models where the mathematical analysis is the contribution,"mathematical structures developed specifically for/from physical theory (quantum, statistical, field theory) -> Mathematical Physics ; geometric and topological structure as the primary object of study -> Geometry and Topology ; population, community or ecosystem dynamics modelled as ecology (species interactions, niche, food webs) where the ecological system is the object -> Ecological Modeling",SIAM Journal on Applied Mathematics; Journal of Differential Equations; Applied Mathematics and Computation,https://en.wikipedia.org/wiki/Applied_mathematics,high
2605,Computational Mathematics,Mathematics,"Mathematics of algorithms and computational methods for solving mathematical problems: computer algebra, discretization schemes, computational complexity of mathematical problems, and algorithm design for mathematical computation broadly, distinct from the numerical-error/convergence focus of Numerical Analysis.",computer algebra systems; algorithmic mathematics; computational complexity of mathematical problems; symbolic computation; discretization methods; computational number theory,"error analysis, convergence, and stability of specific numerical schemes -> Numerical Analysis ; algorithm development for matrix/tensor computation and numerical linear algebra -> Numerical Analysis",Journal of Computational Mathematics; SIAM Journal on Scientific Computing; Journal of Computational and Applied Mathematics,https://en.wikipedia.org/wiki/Computational_mathematics,medium
2607,Discrete Mathematics and Combinatorics,Mathematics,"Mathematics of discrete structures: combinatorics, graph theory, enumeration, combinatorial optimization, and discrete structures such as posets, designs, and codes.",graph theory; combinatorial enumeration; combinatorial optimization; design theory and coding theory; extremal combinatorics; discrete structures and posets,"algebraic structures (groups, rings, fields) and number-theoretic objects studied for their algebraic properties rather than as combinatorial/discrete structures -> Algebra and Number Theory ; computational complexity theory, algorithm design/analysis, and automata theory as a computer-science discipline -> Computational Theory and Mathematics ; error-correcting codes and coding theory framed as a communications-engineering application rather than discrete-mathematics theory -> Computer Networks and Communications ; metaheuristic and evolutionary-computation search methods applied to combinatorial problems, where the learning/search-algorithm contribution is primary -> Artificial Intelligence","Journal of Combinatorial Theory, Series A; Discrete Mathematics; Combinatorica",https://en.wikipedia.org/wiki/Combinatorics,high
2608,Geometry and Topology,Mathematics,"Pure mathematics of geometric and topological structure: differential geometry, algebraic geometry, algebraic/geometric topology, and the study of manifolds, complex spaces, and their invariants.",differential geometry; algebraic geometry; algebraic and geometric topology; complex manifolds; low-dimensional topology; geometric group theory,"geometric/topological methods used primarily to formulate physical theories (general relativity, gauge theory as physics) -> Mathematical Physics ; applied analytic techniques (differential equations) not centered on geometric structure -> Applied Mathematics",Geometry & Topology; Journal of Differential Geometry; Topology and its Applications,https://en.wikipedia.org/wiki/Topology,high
2610,Mathematical Physics,Mathematics,"Rigorous mathematical structures and methods developed for or motivated by physical theory: spectral theory, integrable systems, mathematical foundations of quantum/statistical/field theory, and dynamical systems with a physics interpretation.",spectral theory; integrable systems; mathematical foundations of quantum mechanics and field theory; dynamical systems and chaos with physical interpretation; fractals in physical systems; mathematical statistical mechanics,differential equations and analysis without a specific physical-theory motivation -> Applied Mathematics ; geometric/topological structure as the primary object of study -> Geometry and Topology,Journal of Mathematical Physics; Communications in Mathematical Physics; Letters in Mathematical Physics,https://en.wikipedia.org/wiki/Mathematical_physics,high
2611,Modeling and Simulation,Mathematics,"Mathematical and computational methods for building and running models of systems (physical, biological, social, or engineered) as a methodology in its own right: model formulation, simulation algorithms, and validation techniques applied across domains, rather than the specific application domain itself.",mathematical model formulation; simulation algorithms and techniques; agent-based and system-level modeling methods; model validation and calibration; discrete-event and continuous simulation; cross-disciplinary modeling frameworks,algorithm design/analysis for computation as a mathematical object in itself -> Computational Mathematics,Mathematics and Computers in Simulation; Simulation Modelling Practice and Theory; SIMULATION,https://en.wikipedia.org/wiki/Computer_simulation,medium
2612,Numerical Analysis,Mathematics,"Mathematics of numerical methods for continuous problems: numerical solution of equations, error and convergence analysis, numerical linear algebra, and approximation theory for computational schemes.",iterative methods for equations; numerical linear algebra; error and convergence analysis; approximation theory; numerical solution of differential equations; finite element/finite difference methods,algorithmic/symbolic and complexity-focused computational mathematics not centered on numerical error/convergence -> Computational Mathematics,Numerische Mathematik; SIAM Journal on Numerical Analysis; Journal of Computational and Applied Mathematics,https://en.wikipedia.org/wiki/Numerical_analysis,high
2613,Statistics and Probability,Mathematics,"Covers probability theory and both theoretical and applied statistics: the mathematical study of randomness, and the methods used to design studies, model data, and draw inferences from it across any discipline. ARBITRATION vs Statistics, Probability and Uncertainty [Decision Sciences]: this card owns statistics and probability theory and methodology pursued as mathematics/statistics scholarship in its own right; decision-oriented applied statistics and uncertainty quantification framed for management/operational decision-making belong to Statistics, Probability and Uncertainty (1804).",probability theory and stochastic processes; statistical inference (frequentist and Bayesian); experimental and survey design; statistical modeling and regression; time series and multivariate analysis; computational/statistical methods for data analysis; biostatistics and applied statistical methods,"machine learning algorithm development as a computing discipline -> Artificial Intelligence ; applied statistics and uncertainty quantification framed as decision-relevant methodology for management/operational decision-making under uncertainty -> Statistics, Probability and Uncertainty",Journal of the American Statistical Association; Annals of Statistics; Biometrika; Journal of the Royal Statistical Society: Series B; Statistics in Medicine,https://en.wikipedia.org/wiki/Statistics,high
2614,Theoretical Computer Science,Mathematics,"Covers the mathematical foundations of computation: algorithms and their complexity, formal models of computation, logic, and the theory underlying programming languages and cryptography.",computational complexity theory; algorithm design and analysis; automata theory and formal languages; computability theory; logic and formal methods in computer science; theoretical cryptography; combinatorial and graph-theoretic algorithms,"applied/systems-level software and computing infrastructure -> Computer Science Applications ; statistical learning theory framed as an AI method -> Artificial Intelligence ; applied security protocols, cryptanalysis of deployed systems and network security engineering -> Computer Networks and Communications",Journal of the ACM; Theoretical Computer Science; SIAM Journal on Computing; Information and Computation,https://en.wikipedia.org/wiki/Theoretical_computer_science,medium
2702,Anatomy,Medicine,"The structural organization of the human (and comparative) body at the gross, microscopic, and developmental level. Covers gross anatomy, histology, neuroanatomy, and comparative/functional anatomy, typically as a descriptive or structural discipline underlying clinical and biological specialties.",gross anatomy and dissection-based studies; histology and microanatomy; neuroanatomy; comparative and functional anatomy; developmental/embryological anatomy; anatomical variation and clinical anatomy for surgical planning,physiological function and regulation as the primary focus rather than structure -> Physiology,Clinical Anatomy; Journal of Anatomy; Anatomical Sciences Education,https://en.wikipedia.org/wiki/Anatomy,high
2703,Anesthesiology and Pain Medicine,Medicine,"Covers the clinical practice and research of anesthesia, perioperative patient management, sedation, and the diagnosis and treatment of acute and chronic pain.","general, regional and local anesthesia techniques; perioperative monitoring and management; critical care sedation and analgesia; chronic pain syndromes and management; opioid and non-opioid analgesics; nerve blocks and interventional pain procedures; palliative and cancer pain control","general or multisystem adult inpatient medicine and comorbidity management where anesthesia or a pain-procedure is not the focus -> Internal Medicine ; ongoing multi-organ critical-illness management in the ICU beyond perioperative anesthesia and procedural analgesia -> Critical Care and Intensive Care Medicine ; the neuroscience mechanism of pain perception, nociceptive processing, or the placebo effect studied without a clinical anesthetic or interventional-pain-procedure framing -> Sensory Systems",Anesthesiology; Anesthesia & Analgesia; British Journal of Anaesthesia; Pain; Regional Anesthesia and Pain Medicine,https://en.wikipedia.org/wiki/Anesthesiology,high
2704,Biochemistry,Medicine,"Covers the chemical processes and biomolecules underlying human physiology and disease: metabolism, enzymes, and the structure/function of proteins, lipids, and other biomolecules, especially as studied in a clinical or biomedical context. ARBITRATION vs Biochemistry [Biochemistry, Genetics and Molecular Biology]: biochemistry framed around a human disease mechanism, disease biomarker, or clinical/biomedical outcome stays here; fundamental, mechanism-first biomolecule chemistry studied for its own sake (any organism) belongs to Biochemistry [Biochemistry, Genetics and Molecular Biology].","metabolic pathways and enzyme kinetics; clinical/diagnostic biochemistry; protein, lipid and carbohydrate biochemistry; biomarkers of disease; oxidative stress and redox biochemistry; biochemical basis of disease mechanisms","gene expression, cell signaling, and molecular genetic mechanisms -> Molecular Biology ; fundamental, non-disease-framed chemistry of biomolecules (enzyme mechanism, metabolic pathway chemistry, bioenergetics) studied for its own biochemical interest rather than a human disease or clinical outcome -> Biochemistry ; laboratory diagnostics, assay methodology and disease-marker measurement as lab medicine -> Clinical Biochemistry",Journal of Biological Chemistry; Biochemistry; Clinical Biochemistry; Biochemical Journal,https://en.wikipedia.org/wiki/Biochemistry,medium
2705,Cardiology and Cardiovascular Medicine,Medicine,"Covers clinical and translational research on diseases of the heart and vascular system, including their diagnosis, risk assessment, and treatment.","coronary artery disease and heart failure; cardiac arrhythmias and electrophysiology; hypertension and cardiovascular risk factors; cardiac imaging and diagnostics; interventional and structural cardiology; cardiac devices (pacing, defibrillation); cardiovascular disease in special populations (e.g. pregnancy)","general or multisystem adult medicine where a cardiovascular abnormality is incidental rather than the primary diagnosis -> Internal Medicine ; basic molecular/genetic mechanisms of cardiac disease (protein aggregation, ion-channel mutation biology) studied without patient-level diagnosis or clinical management -> Molecular Biology ; engineering design and development of cardiac devices (pacemakers, mechanical circulatory support hardware) as a technology contribution -> Biomedical Engineering ; preclinical cardiovascular pharmacology: vasoactive peptides, receptor pharmacology and drug mechanism without patient-level framing -> Pharmacology",Circulation; Journal of the American College of Cardiology; European Heart Journal; Heart; American Journal of Cardiology,https://en.wikipedia.org/wiki/Cardiology,high
2706,Critical Care and Intensive Care Medicine,Medicine,"Clinical medicine focused on the diagnosis and management of critically ill patients in intensive/critical care settings: multi-organ failure, mechanical ventilation, sepsis management, hemodynamic monitoring, and ICU-specific care protocols.",intensive care unit (ICU) management; mechanical ventilation and respiratory support; sepsis and septic shock; multi-organ dysfunction and failure; hemodynamic monitoring; ICU sedation and delirium; critical care nutrition; post-ICU outcomes and recovery,general ward-level adult medicine and comorbidity management not requiring ICU-level organ support -> Internal Medicine ; perioperative anesthesia induction and procedural/interventional pain management -> Anesthesiology and Pain Medicine ; chronic pulmonary disease management framed as a respiratory-medicine specialty rather than acute ICU multi-organ critical illness -> Pulmonary and Respiratory Medicine,Critical Care Medicine; Intensive Care Medicine; Critical Care; Journal of Critical Care,https://en.wikipedia.org/wiki/Intensive_care_medicine,high
2707,Complementary and alternative medicine,Medicine,"Covers research on non-conventional therapeutic approaches and their clinical evaluation, including herbal and traditional medicine systems, medicinal plant use, and other alternative or integrative therapeutic practices.",herbal medicine and phytotherapy; traditional/folk and Chinese medicine systems; medicinal plants and natural product remedies; acupuncture and other integrative therapies; dietary supplements; ethnopharmacology and traditional use studies; efficacy/safety evaluation of alternative treatments,"plant biology, taxonomy or agronomy without a medicinal-use framing -> Plant Science ; molecular mechanism studies of bioactive compounds not framed around alternative/traditional medicine use -> Molecular Biology ; pharmacology and pharmacokinetics of conventional or isolated pharmaceutical compounds -> Pharmacology",Journal of Ethnopharmacology; Phytomedicine; BMC Complementary Medicine and Therapies; Evidence-Based Complementary and Alternative Medicine,https://en.wikipedia.org/wiki/Alternative_medicine,high
2708,Dermatology,Medicine,"Covers the clinical practice and research of skin, hair, and nail diseases, including their diagnosis, treatment, and dermatologic manifestations of systemic disease.","skin cancer and melanoma; inflammatory skin diseases (psoriasis, eczema); dermatologic infections; cosmetic and aesthetic dermatology; wound healing; drug- and disease-related skin toxicity; dermatopathology",systemic disease with skin manifestations where the primary contribution is the systemic diagnosis rather than the dermatologic management -> Internal Medicine ; skin cancer/melanoma treatment framed as oncologic staging and systemic therapy rather than dermatologic diagnosis and topical/procedural management -> Oncology ; basic cellular/molecular mechanisms of skin pigmentation or keratinocyte biology studied without a disease-diagnosis framing -> Cell Biology,Journal of the American Academy of Dermatology; British Journal of Dermatology; JAMA Dermatology; Journal of Investigative Dermatology,https://en.wikipedia.org/wiki/Dermatology,high
2711,Emergency Medicine,Medicine,"Clinical medicine dealing with the immediate recognition, diagnosis, and treatment of acute illness and injury in emergency and urgent-care settings, including trauma resuscitation, triage, and clinical coordination of prehospital emergency care.",emergency department triage and workflow; trauma resuscitation; acute presentations of illness and injury; toxicology and poisoning management in the ED; prehospital/EMS clinical coordination; emergency procedures and point-of-care diagnostics; disaster and mass-casualty medicine,ambulance/paramedic operations and EMS systems as a health-service delivery field rather than acute clinical care -> Emergency Medical Services,Annals of Emergency Medicine; Academic Emergency Medicine; American Journal of Emergency Medicine; European Journal of Emergency Medicine,https://en.wikipedia.org/wiki/Emergency_medicine,high
2712,"Endocrinology, Diabetes and Metabolism",Medicine,"Covers research on hormone-producing glands and endocrine disorders, diabetes mellitus, and metabolic disease, including their diagnosis, management, and complications.",diabetes management and complications; thyroid and other endocrine gland disorders; obesity and metabolic syndrome; glycemic control and hyperglycemia; lipid and lipoprotein metabolism; hormonal and reproductive endocrinology,"general or multisystem adult medicine where an endocrine/metabolic disorder is incidental rather than the primary diagnosis -> Internal Medicine ; basic/mechanistic hormone signaling, receptor biology, and endocrine-gland physiology studied without a clinical diagnosis or disease-management framing -> Endocrinology ; diabetic or hypertensive kidney complications framed as renal disease management -> Nephrology",Journal of Clinical Endocrinology & Metabolism; Diabetes Care; Diabetologia; Endocrine Reviews,https://en.wikipedia.org/wiki/Endocrinology,high
2713,Epidemiology,Medicine,"Covers the study of disease distribution, risk factors, and outcomes across populations, and population-level/clinical-outcomes research spanning acute and chronic conditions of many kinds. ARBITRATION vs Public Health, Environmental and Occupational Health [Medicine] and Health Informatics [Medicine]: study design, population-level risk-factor/outcomes analysis, and statistical inference own this card; population policy, prevention programming, and environmental/occupational practice belong to Public Health; health-data-system technology and infrastructure belong to Health Informatics.",disease surveillance and outbreak investigation; risk factor and determinant analysis; cohort and case-control study design; clinical outcomes and prognosis research; infectious disease epidemiology; public health statistics; population-level burden-of-disease studies,"population health policy, environmental/occupational exposure surveillance, and prevention-programme design, as opposed to epidemiologic study design and population-level inference itself -> Public Health, Environmental and Occupational Health ; health data systems and informatics infrastructure/technology as the contribution, rather than the epidemiologic study design or statistical population inference -> Health Informatics ; general or multisystem adult clinical medicine where population-level study design is not the contribution -> Internal Medicine ; gene-disease association or heritability analysis as its own contribution, rather than descriptive population incidence or risk-factor analysis -> Genetics",American Journal of Epidemiology; International Journal of Epidemiology; Epidemiology; European Journal of Epidemiology,https://en.wikipedia.org/wiki/Epidemiology,medium
2714,Family Practice,Medicine,"Primary care medicine covering comprehensive, continuous, community-based care for patients of all ages: general/family physician practice, preventive care, and chronic disease management delivered in the primary-care setting.",general/family practitioner care; primary care preventive medicine; chronic disease management in primary care; continuity and coordination of care; primary-care doctor-patient communication; community and rural general practice; primary care office procedures,"hospital-based/inpatient general medicine and complex multisystem adult diagnosis, as opposed to continuous ambulatory primary-care practice -> Internal Medicine ; population-level preventive health policy and program design as opposed to individual-patient primary-care practice -> Public Health, Environmental and Occupational Health ; care of infants and children as its own specialty -> Pediatrics, Perinatology and Child Health",Family Practice; Journal of the American Board of Family Medicine; Annals of Family Medicine; British Journal of General Practice,https://en.wikipedia.org/wiki/Family_medicine,high
2715,Gastroenterology,Medicine,"Clinical medicine and pathophysiology of the digestive system: esophagus, stomach, intestines, pancreas, and biliary tract disorders, including endoscopic diagnosis and treatment.",inflammatory bowel disease; GI motility disorders; peptic ulcer and acid-related disease; endoscopy and GI diagnostics; pancreatic and biliary tract disorders; gastrointestinal cancers (clinical); gut microbiome in digestive disease,liver-specific disease and hepatology -> Hepatology,Gastroenterology; Gut; American Journal of Gastroenterology; Clinical Gastroenterology and Hepatology,https://en.wikipedia.org/wiki/Gastroenterology,high
2716,Genetics,Medicine,"Covers the study of heredity and genetic variation as it relates to human health: genetic and genomic disorders, inheritance patterns, and genetic risk and testing, viewed at the clinical/biomedical level. ARBITRATION vs Genetics [Biochemistry, Genetics and Molecular Biology]: clinical/patient-and-disease-framed human genetics (hereditary disorders, genetic testing/counseling, gene-disease association studies aimed at patient risk) stays here; basic heredity, population/quantitative genetics, genomics methodology, and non-human genetics belong to Genetics [Biochemistry, Genetics and Molecular Biology].",medical and clinical genetics; genetic and hereditary disorders/syndromes; genomics and genome-wide association studies; genetic testing and counseling; gene-disease association studies; population genetics of disease risk,"molecular mechanisms of gene expression/regulation and cell signaling -> Molecular Biology ; evolutionary genetics, phylogenetics and species-level genetic diversity -> Ecology, Evolution, Behavior and Systematics ; population, quantitative, or model-organism genetics research whose object is basic heredity, genomics methodology, or agricultural/livestock genetics rather than human clinical diagnosis, risk, or disease association -> Genetics",Nature Genetics; American Journal of Human Genetics; Genetics in Medicine; European Journal of Human Genetics,https://en.wikipedia.org/wiki/Medical_genetics,medium
2717,Geriatrics and Gerontology,Medicine,"The clinical care and biological/social study of aging and the health of older adults. Covers age-related disease and frailty, geriatric syndromes, care of the elderly across settings, and the clinical (as opposed to purely biological) study of aging.","frailty and functional decline in older adults; geriatric syndromes (falls, delirium, polypharmacy); clinical care models for older adults; aging-related pharmacotherapy and outcomes; long-term and palliative care of the elderly; gerontological epidemiology","basic biological/molecular mechanisms of aging not framed as clinical geriatric care -> Aging ; general internal medicine not specific to the older-adult population -> Internal Medicine ; social gerontology: ageing as social roles, isolation, cohorts and life transitions rather than clinical care -> Life-span and Life-course Studies",Journal of the American Geriatrics Society; Age and Ageing; Journal of Gerontology: Medical Sciences,https://en.wikipedia.org/wiki/Geriatrics,high
2718,Health Informatics,Medicine,"Covers the application of information technology, data science, and computational methods to healthcare delivery, clinical data, and health systems. ARBITRATION vs Epidemiology [Medicine] and Public Health, Environmental and Occupational Health [Medicine]: the health-IT system, clinical-data-technology, and interoperability contribution owns this card; population-level study design and inference belong to Epidemiology; population health policy and prevention programming belong to Public Health.",electronic health records; clinical decision support systems; health data analytics; telemedicine and telehealth systems; medical data standards and interoperability; digital health technologies; health information system design,"biomedical literature mining, ontologies, gene and genome annotation, and general computational-biology tooling - this card is clinical and health-system data (EHR, telemedicine, interoperability, decision support) -> Computer Science Applications ; population-level disease-distribution or risk-factor analysis as a research question (the epidemiologic study design is the contribution), even when conducted on health datasets -> Epidemiology ; public-health policy, environmental/occupational health practice, or health-promotion programming as the contribution, as opposed to the information system or data technology itself -> Public Health, Environmental and Occupational Health",Journal of the American Medical Informatics Association; Journal of Biomedical Informatics; International Journal of Medical Informatics; JMIR Medical Informatics,https://en.wikipedia.org/wiki/Health_informatics,high
2720,Hematology,Medicine,"Covers the study of blood, blood-forming organs, and blood-related diseases, including their diagnosis, treatment, and management.",leukemia and lymphoma; anemia and hemoglobinopathies; bleeding and clotting disorders; bone marrow and stem cell transplantation; blood transfusion medicine; myeloproliferative and myelodysplastic disorders,"general adult medicine where a blood-count abnormality is incidental rather than the primary hematologic diagnosis -> Internal Medicine ; treatment of hematologic malignancies framed as oncologic systemic therapy, staging, and multimodal cancer management -> Oncology ; hereditary hemoglobinopathy or clotting-disorder genetics and genetic testing as its own contribution -> Genetics",Blood; British Journal of Haematology; American Journal of Hematology; Haematologica,https://en.wikipedia.org/wiki/Hematology,high
2721,Hepatology,Medicine,"Covers the study of liver, gallbladder, biliary tree, and pancreas diseases, including their diagnosis, treatment, and transplantation.",liver cirrhosis and fibrosis; viral hepatitis; liver transplantation; hepatocellular carcinoma; non-alcoholic fatty liver disease; biliary and pancreatic disorders; acute and chronic liver failure,"general/multisystem adult disease where liver involvement is secondary to the primary diagnosis -> Internal Medicine ; drug-induced hepatotoxicity studied as a pharmacological/toxicological mechanism of the causative compound rather than the clinical liver disease itself -> Pharmacology ; non-hepatic, non-biliary digestive-tract disease -> Gastroenterology",Journal of Hepatology; Hepatology; Liver International; Clinical Gastroenterology and Hepatology,https://en.wikipedia.org/wiki/Hepatology,high
2723,Immunology and Allergy,Medicine,"Clinical medicine of allergic and immune-mediated diseases in patients: diagnosis and treatment of asthma and allergic disease, anaphylaxis, primary immunodeficiency, and clinical allergen immunotherapy. Distinct from basic/experimental immunology, which studies immune-system mechanisms rather than patient care.",allergic rhinitis and asthma; food allergy and anaphylaxis; allergen immunotherapy; primary immunodeficiency (clinical); urticaria and angioedema; drug allergy; clinical allergy testing and diagnostics,basic/experimental immunology and immune-system mechanisms not framed around clinical allergy or immunodeficiency management -> Immunology,"Journal of Allergy and Clinical Immunology; Allergy; Clinical & Experimental Allergy; Annals of Allergy, Asthma & Immunology",https://en.wikipedia.org/wiki/Allergology,high
2724,Internal Medicine,Medicine,"Adult primary and hospital-based medicine focused on the diagnosis, treatment, and prevention of complex, multisystem, or undifferentiated adult disease, typically practiced by general internists and hospitalists integrating across organ-system subspecialties.",hospitalist and inpatient adult medicine; multisystem or undifferentiated disease diagnosis; general internal medicine practice guidelines; comorbidity management in adults; perioperative internal medicine consultation; internal medicine training and education; general adult preventive care,"a cardiac-defining diagnosis (coronary disease, arrhythmia, heart failure) as the primary contribution -> Cardiology and Cardiovascular Medicine ; ICU-level multi-organ critical-illness support as the primary contribution -> Critical Care and Intensive Care Medicine ; population-level study design and epidemiologic inference as the contribution -> Epidemiology ; continuous, ambulatory, community-based primary-care practice as the contribution -> Family Practice",Annals of Internal Medicine; JAMA Internal Medicine; Journal of General Internal Medicine; European Journal of Internal Medicine,https://en.wikipedia.org/wiki/Internal_medicine,medium
2725,Infectious Diseases,Medicine,"Covers infectious agents -- viral, bacterial, fungal, and parasitic -- and the diagnosis, treatment, and clinical management of the diseases they cause.",viral infections including COVID-19/SARS-CoV-2; bacterial infections; parasitic and tropical/vector-borne diseases; antimicrobial and antiviral therapy; infection prevention and control; emerging infectious diseases; clinical management of infectious syndromes,"the biology of the causative organism itself - physiology, genetics, taxonomy, virulence mechanisms, environmental reservoirs - as opposed to the disease in patients or populations -> Microbiology ; virus biology as the object of study -> Virology ; parasite biology and life cycles as the object of study -> Parasitology ; population-level incidence, surveillance and study design as the contribution -> Epidemiology",Clinical Infectious Diseases; Journal of Infectious Diseases; Lancet Infectious Diseases; Emerging Infectious Diseases,https://en.wikipedia.org/wiki/Infectious_disease,high
2726,Microbiology,Medicine,"Clinical/medical microbiology: the diagnosis, laboratory identification, and antimicrobial management of microbial infections in patients, including clinical bacteriology, clinical mycology, and antimicrobial susceptibility testing as practiced in medical and diagnostic-laboratory settings. This is the clinical-practice perspective, distinct from the same-named subfield in the Immunology and Microbiology field, which covers the basic biological science of microorganisms independent of patient care. ARBITRATION vs Microbiology [Immunology and Microbiology]: the clinical-laboratory practice of diagnosing and managing microbial infection in patients (bacteriology/mycology diagnostics, antimicrobial susceptibility testing, hospital infection control) stays here; basic microbial physiology, taxonomy, genetics, ecology, and environmental/industrial microbiology belong to Microbiology [Immunology and Microbiology].",clinical/diagnostic bacteriology; antimicrobial susceptibility testing and stewardship; hospital/healthcare-associated infection microbiology; clinical mycology; microbial diagnostics and laboratory medicine; infection control microbiology; antimicrobial resistance in clinical settings,"basic microbial biology, taxonomy, physiology, and environmental/industrial microbiology not framed around patient diagnosis or treatment -> Microbiology",Clinical Microbiology and Infection; Journal of Clinical Microbiology; Diagnostic Microbiology and Infectious Disease,https://en.wikipedia.org/wiki/Medical_microbiology,medium
2727,Nephrology,Medicine,"The medical study, diagnosis, and treatment of the kidneys and the urinary/renal system, including their role in fluid, electrolyte, and acid-base homeostasis. Covers chronic and acute kidney disease, dialysis, and renal complications of systemic disease such as diabetes and hypertension.",chronic kidney disease; acute kidney injury; dialysis and renal replacement therapy; glomerulonephritis and glomerulopathies; diabetic and hypertensive nephropathy; electrolyte and acid-base disorders; renal function testing; hemodialysis vascular access,"kidney transplantation surgery/immunology -> Transplantation ; kidney and urinary tract cancers as oncology entities -> Oncology ; urological surgical procedures (stones, prostate, bladder) -> Urology",Kidney International; American Journal of Kidney Diseases; Clinical Journal of the American Society of Nephrology; Nephrology Dialysis Transplantation,https://en.wikipedia.org/wiki/Nephrology,high
2728,Neurology,Medicine,"The clinical medical specialty concerned with diagnosis and treatment of diseases of the central and peripheral nervous system. Covers stroke and cerebrovascular disease, epilepsy, neurodegenerative disorders, neuromuscular and neuroinflammatory conditions, and structural/vascular brain lesions, from a clinical-diagnostic and therapeutic standpoint. ARBITRATION vs Neurology [Neuroscience]: clinical diagnostic and therapeutic practice, patient-management protocols, and health-system-level treatment of neurological disease stay here; translational/mechanistic disease research (pathophysiology, biomarkers, model systems, blood-brain-barrier biology) belongs to Neurology [Neuroscience], even for the same diseases (stroke, epilepsy, neurodegeneration).","stroke and cerebrovascular disease; intracranial aneurysms and vascular malformations; epilepsy and seizure disorders; neurodegenerative disease (Parkinson's, Alzheimer's, ALS) clinical management; peripheral neuropathies; autoimmune and inflammatory neurological disorders; movement disorders; headache and migraine","basic and cognitive brain function, perception, memory research without clinical disease focus -> Cognitive Neuroscience ; neurosurgical operative procedures -> Surgery ; psychiatric mood/psychotic disorders -> Psychiatry and Mental health ; translational/mechanistic neuroscience research on neurological-disease pathophysiology, disease biomarkers, or model-system studies (e.g. blood-brain-barrier structure/function) where the contribution is disease mechanism rather than patient diagnosis or treatment -> Neurology",Neurology; Brain; Annals of Neurology; The Lancet Neurology,https://en.wikipedia.org/wiki/Neurology,high
2729,Obstetrics and Gynecology,Medicine,"The medical and surgical care of pregnancy, childbirth, and the female reproductive system. Covers prenatal and perinatal care, labor and delivery, maternal-fetal medicine, and gynecological conditions including infertility, menstrual and menopausal disorders, and benign gynecological disease.","pregnancy and prenatal care; labor, delivery and postpartum complications; maternal-fetal medicine; infertility and reproductive endocrinology; gynecological disorders (endometriosis, fibroids, PCOS); menopause; contraception; gynecological surgery","gynecological and reproductive cancers as oncology entities -> Oncology ; newborn/infant clinical care after delivery -> Pediatrics, Perinatology and Child Health",American Journal of Obstetrics and Gynecology; Obstetrics & Gynecology; BJOG; Fertility and Sterility,https://en.wikipedia.org/wiki/Obstetrics_and_gynaecology,high
2730,Oncology,Medicine,"The clinical and translational study of cancer: its diagnosis, staging, treatment (surgery, chemotherapy, radiotherapy, immunotherapy), and patient management across all tumor types and organ sites. Includes cancer biomarkers and prognosis research oriented toward clinical decision-making. ARBITRATION vs Radiation [Physics and Astronomy]: this card owns the clinical delivery and outcomes management of radiotherapy as cancer treatment; the underlying dose-calculation and source physics belongs to Radiation (3108).",solid tumor diagnosis and staging; chemotherapy and targeted cancer therapy; cancer surgery and multimodal treatment; tumor biomarkers and prognosis; metastasis in a clinical context; hematologic malignancies treatment; cancer screening; palliative and supportive oncology care,"basic molecular/cellular mechanisms of carcinogenesis without clinical framing -> Molecular Biology ; cancer genetics and genomics research -> Genetics ; cancer epidemiology and population risk factors -> Epidemiology ; the physics of radiation dose calculation, source physics, and dosimetry underlying radiotherapy, studied as a physics/engineering discipline rather than clinical oncology practice -> Radiation",Journal of Clinical Oncology; The Lancet Oncology; Cancer; Annals of Oncology,https://en.wikipedia.org/wiki/Oncology,high
2731,Ophthalmology,Medicine,"The medical and surgical specialty dealing with the anatomy, physiology, and diseases of the eye and visual system. Covers diagnosis and treatment of retinal, corneal, and optic nerve disease, glaucoma, cataract, ocular trauma, and vision-related disorders.",glaucoma; retinal and macular disease; cataract surgery; corneal disease; ocular trauma and foreign bodies; optic nerve and neuro-ophthalmic disorders; refractive and laser eye surgery; ocular drug toxicity and pharmacology,ocular imaging device engineering -> Biomedical Engineering ; ocular tumors as cancer entities -> Oncology,Ophthalmology; American Journal of Ophthalmology; JAMA Ophthalmology; British Journal of Ophthalmology,https://en.wikipedia.org/wiki/Ophthalmology,high
2732,Orthopedics and Sports Medicine,Medicine,"The medical and surgical care of the musculoskeletal system, and the clinical science of exercise, athletic performance, and sports-related injury and recovery. Covers bone, joint, and soft-tissue disorders, fracture management, joint replacement, and physical training/performance in clinical and athletic contexts.",fracture and joint injury management; bone health and osteoporosis; joint replacement and arthroplasty; sports injuries and prevention; sports performance and training physiology; spinal and musculoskeletal disorders; biomechanics of movement in a clinical/athletic context; mechanical loading and its effects on musculoskeletal tissue in clinical and athletic contexts; exercise science and physical-activity research framed around musculoskeletal and athletic health,rehabilitation therapy and functional recovery programs -> Rehabilitation ; bone/soft-tissue tumors as cancer entities -> Oncology,Journal of Bone and Joint Surgery; American Journal of Sports Medicine; British Journal of Sports Medicine; Osteoarthritis and Cartilage,https://en.wikipedia.org/wiki/Orthopedic_surgery,high
2733,Otorhinolaryngology,Medicine,"Clinical medicine and surgery of the ear, nose, throat, and related head and neck structures. Covers diagnosis and treatment of hearing and vestibular disorders, sinonasal disease, laryngeal and voice disorders, and head and neck oncologic surgery. ARBITRATION vs Speech and Hearing [Health Professions]: this card owns medical and surgical ENT diagnosis and treatment; non-surgical audiology and speech-language pathology assessment/therapy practice belongs to Speech and Hearing (3616).",ear disease and otitis media; hearing and vestibular disorders; sinusitis and nasal conditions; laryngology and voice disorders; head and neck cancer surgery; pediatric ENT conditions; sleep apnea (ENT-surgical aspects),"basic auditory/vestibular sensory physiology and neuroscience not framed as clinical ENT practice -> Sensory Systems ; gross or microscopic anatomy of the ear/nose/throat region studied for its own sake rather than clinical disease/treatment -> Anatomy ; non-surgical audiology and speech-language pathology assessment/therapy practice (hearing aids, speech/voice/language/swallowing therapy) as opposed to medical/surgical ENT diagnosis and treatment -> Speech and Hearing",Otolaryngology–Head and Neck Surgery; The Laryngoscope; JAMA Otolaryngology–Head & Neck Surgery,https://en.wikipedia.org/wiki/Otorhinolaryngology,high
2734,Pathology and Forensic Medicine,Medicine,"Clinical and laboratory pathology (disease mechanisms and tissue/cellular diagnosis via biopsy and autopsy) combined with forensic medicine (medico-legal death investigation, forensic pathology, and forensic science applied to legal proceedings).",anatomic and clinical pathology; histopathology and biopsy diagnosis; autopsy and cause-of-death determination; forensic pathology and medico-legal investigation; forensic toxicology; diagnostic disease-mechanism pathophysiology; cytopathology,"clinical diagnosis and management of disease in a living patient where a tissue/laboratory/autopsy diagnostic procedure is not the contribution -> Internal Medicine ; treatment planning and staging decisions in cancer patients, as opposed to the histopathologic diagnosis itself -> Oncology ; laboratory biomarker or enzyme-assay work not tied to tissue-based histologic or autopsy diagnosis -> Clinical Biochemistry",American Journal of Pathology; Modern Pathology; Journal of Forensic Sciences; Forensic Science International,https://en.wikipedia.org/wiki/Forensic_pathology,high
2735,"Pediatrics, Perinatology and Child Health",Medicine,"The clinical care and health of infants, children, and adolescents, including the perinatal period. Covers neonatal and pediatric disease, prenatal and perinatal medicine, child growth and development, and pediatric subspecialty care.",neonatal and perinatal care; prenatal screening and diagnostics; infant and child development (clinical framing); pediatric disease and treatment across organ systems; childhood cancer and survivorship; maternal-child health,"pediatric urology content where the urinary/reproductive organ system is the primary classificatory axis -> Urology ; normative, non-clinical child psychological/behavioral development -> Developmental and Educational Psychology",Pediatrics; Journal of Pediatrics; Archives of Disease in Childhood,https://en.wikipedia.org/wiki/Pediatrics,high
2736,Pharmacology,Medicine,"The study of drug action, mechanism, and effects on biological systems: pharmacodynamics, pharmacokinetics, drug discovery, and clinical pharmacotherapy. Includes toxicology of drugs and bioactive compounds. ARBITRATION vs Pharmacology [Pharmacology, Toxicology and Pharmaceutics]: clinical pharmacotherapy, drug management, and adverse-effect treatment as practiced on patients stay here; basic pharmacodynamic/receptor-mechanism research and phytochemical/natural-compound bioactivity screening belong to Pharmacology [Pharmacology, Toxicology and Pharmaceutics].",pharmacodynamics and pharmacokinetics; clinical development and therapeutic use of new drugs in patients; drug interactions and adverse effects; clinical pharmacotherapy; toxicology of drugs and xenobiotics; pharmacotherapy of drug classes in patient populations; receptor pharmacology; drug delivery mechanisms of action,"molecular/cellular signaling mechanisms not framed as drug action -> Molecular Biology ; traditional, herbal, and alternative therapeutic practices as a discipline -> Complementary and alternative medicine ; drug delivery device/materials engineering -> Biomedical Engineering ; pharmacology of phytochemical/natural bioactive compounds and basic receptor-ligand or pharmacodynamic mechanism research not framed around clinical pharmacotherapy or patient drug management -> Pharmacology",British Journal of Pharmacology; Pharmacological Reviews; Trends in Pharmacological Sciences; Journal of Pharmacology and Experimental Therapeutics,https://en.wikipedia.org/wiki/Pharmacology,high
2737,Physiology,Medicine,"The study of normal function of the human body's organs, systems, and integrative mechanisms, including how these change with age, nutrition, and physical state. Covers whole-body and organ-system functional processes, body composition, and physiological measurement techniques, generally in non-disease or functional-status contexts. ARBITRATION vs Physiology [Biochemistry, Genetics and Molecular Biology]: human, clinical/applied, and non-disease functional-status physiology (nutrition, aging, exercise physiology of patients) stays here; comparative, cross-species, and cellular/systems-mechanism physiology belongs to Physiology [Biochemistry, Genetics and Molecular Biology].","organ system function (cardiovascular, respiratory, renal, endocrine); nutrition and physiology of aging; body composition measurement; thermoregulation and fluid balance; exercise physiology; biophysics of physiological function; circadian and homeostatic regulation","disease-specific organ pathology and its clinical management [route: the relevant organ-system clinical subfield (e.g. Nephrology, Cardiology)] ; cellular/molecular mechanisms of function -> Physiology",American Journal of Physiology; Journal of Physiology; Physiological Reviews; Acta Physiologica,https://en.wikipedia.org/wiki/Physiology,medium
2738,Psychiatry and Mental health,Medicine,"The medical specialty concerned with the diagnosis, treatment, and management of mental, mood, and behavioral disorders. Covers psychiatric illness (mood, psychotic, anxiety, personality, and neurodevelopmental disorders), psychiatric pharmacotherapy, psychotherapy, and mental health services and outcomes.","mood disorders (depression, bipolar disorder); psychotic disorders (schizophrenia); anxiety and trauma-related disorders; ADHD and neurodevelopmental psychiatric conditions; psychiatric treatment (pharmacotherapy, ECT, psychotherapy); substance use disorders; suicide and self-harm research; mental health services and epidemiology",basic cognitive/emotional brain mechanisms without clinical psychiatric framing -> Cognitive Neuroscience ; neurological (non-psychiatric) brain disease -> Neurology ; clinical psychology assessment and non-medical psychotherapy research -> Clinical Psychology,JAMA Psychiatry; American Journal of Psychiatry; The Lancet Psychiatry; Molecular Psychiatry,https://en.wikipedia.org/wiki/Psychiatry,high
2739,"Public Health, Environmental and Occupational Health",Medicine,"Population-level and preventive health research: public health policy and practice, environmental health hazards and exposures, occupational health and workplace safety, and health-system, ethical, and social dimensions of population health. ARBITRATION vs Epidemiology [Medicine] and Health Informatics [Medicine]: population health policy, prevention programming, and environmental/occupational health practice own this card; epidemiologic study design and population-level inference belong to Epidemiology; health-IT systems and data technology belong to Health Informatics.","public health policy and interventions; environmental health hazards and exposure science; occupational health and workplace safety; health promotion and disease prevention; public health surveillance and monitoring; health equity and social determinants of health; public-health ethics, health law and research governance at population level","epidemiological study design and methodology as a discipline in itself -> Epidemiology ; health-data-system, digital-health, EHR/informatics technology and its technical implementation, as opposed to population health policy, prevention programming, or environmental/occupational health practice -> Health Informatics ; health inequalities and health-related social policy analysed as social science (sociology/anthropology of health, human rights framing) -> Health ; toxicological mechanism, mutagenesis and dose-response of environmental agents as the object of study -> Health, Toxicology and Mutagenesis ; injury and violence prevention framed as safety behaviour, safety culture or risk perception -> Safety Research ; allied-health professions practice, workforce and education -> General Health Professions",American Journal of Public Health; Environmental Health Perspectives; Occupational and Environmental Medicine; BMC Public Health,https://en.wikipedia.org/wiki/Public_health,high
2740,Pulmonary and Respiratory Medicine,Medicine,"Clinical and research medicine of the respiratory system — lungs, airways and pleura — including diagnosis, treatment and pathophysiology of respiratory diseases (asthma, COPD, interstitial lung disease, pulmonary infections, pulmonary vascular disease, sleep-disordered breathing, cystic fibrosis) and lung cancer as a disease of the respiratory organ, together with pulmonary function testing and critical/respiratory intensive care.","obstructive and restrictive lung disease (asthma, COPD, pulmonary fibrosis); lung cancer diagnosis and treatment; pulmonary infections (pneumonia, tuberculosis, other lower respiratory infections); pulmonary vascular disease (pulmonary hypertension, pulmonary embolism); sleep-disordered breathing and sleep medicine; cystic fibrosis and pediatric respiratory disease; pulmonary function testing and respiratory physiology; respiratory critical care and mechanical ventilation","solid-organ cancers outside the lung (e.g., renal cell carcinoma, prostate cancer) that are not respiratory-organ malignancies -> Oncology ; general diagnostic imaging and pathology technique/technology not specific to the lung -> Radiology, Nuclear Medicine and Imaging",American Journal of Respiratory and Critical Care Medicine; European Respiratory Journal; Chest; Thorax; Lung Cancer,https://en.wikipedia.org/wiki/Pulmonology,low
2741,"Radiology, Nuclear Medicine and Imaging",Medicine,"The clinical use of imaging modalities (MRI, CT, ultrasound, nuclear medicine, X-ray, thermography) for diagnosis, staging, and monitoring of disease. Covers clinical imaging protocols, image-based diagnosis, radiation dose and safety, and interventional/nuclear medicine procedures, from the standpoint of clinical application rather than device engineering. ARBITRATION vs Radiation [Physics and Astronomy]: this card owns the clinical/diagnostic use of radiation and imaging, including radiation dose management and radiobiological effects in patient care; the underlying physics of radiation production, propagation, and dosimetry belongs to Radiation (3108).",MRI and CT diagnostic techniques; nuclear medicine and PET imaging; ultrasound diagnostics; radiation dose and imaging safety; image-based cancer diagnosis and staging; interventional radiology procedures; infrared thermography in medicine; contrast agents in clinical imaging,"imaging device/hardware and signal-processing engineering -> Biomedical Engineering ; radiation therapy delivery for cancer treatment -> Oncology ; chemistry and design of radiopharmaceuticals, contrast agents and therapy agents as compounds -> Drug Discovery ; the underlying physics of radiation production, interaction with matter, and dosimetry, studied as a physics/instrumentation discipline rather than clinical application -> Radiation",Radiology; European Radiology; Journal of Nuclear Medicine; American Journal of Roentgenology,https://en.wikipedia.org/wiki/Radiology,high
2742,Rehabilitation,Medicine,"The medical specialty and allied-health practice of restoring function, mobility, and quality of life after injury, illness, surgery, or disability. Covers physical and occupational therapy, rehabilitation medicine protocols, assistive technology use in recovery, and functional outcome assessment.",physical therapy and physiotherapy interventions; occupational therapy; post-surgical and post-injury functional recovery; stroke and neurological rehabilitation; cardiac and pulmonary rehabilitation; assistive devices and prosthetics in rehabilitation use; functional and disability outcome measurement,"surgical or pharmacological treatment of the underlying condition [route: the relevant clinical subfield (e.g. Orthopedics and Sports Medicine, Neurology)] ; prosthetic/orthotic device design and engineering -> Biomedical Engineering",Archives of Physical Medicine and Rehabilitation; Journal of Rehabilitation Medicine; Disability and Rehabilitation; Clinical Rehabilitation,https://en.wikipedia.org/wiki/Physical_medicine_and_rehabilitation,high
2743,Reproductive Medicine,Medicine,"Clinical and biomedical research on human reproductive function, dysfunction, and treatment across the life course: fertility and infertility, assisted reproductive technologies, andrology, reproductive endocrinology, and reproductive health services. Covers both male and female reproductive systems as a unified clinical specialty.","infertility diagnosis and treatment; assisted reproductive technology (IVF, ICSI, ART); sperm and testicular function; reproductive endocrinology; fertility preservation; andrology; contraception and family planning technologies; reproductive health and technologies","pregnancy, childbirth, and general gynecologic disease not centered on fertility -> Obstetrics and Gynecology ; male urologic disease outside fertility/andrology (e.g. prostate, bladder, stones) -> Urology ; general endocrine/metabolic disorders unrelated to reproduction -> Endocrinology, Diabetes and Metabolism",Fertility and Sterility; Human Reproduction; Reproductive Biomedicine Online; Journal of Assisted Reproduction and Genetics,https://en.wikipedia.org/wiki/Reproductive_medicine,high
2745,Rheumatology,Medicine,"Clinical and translational research on rheumatic, autoimmune, and inflammatory diseases of the joints, connective tissue, and musculoskeletal system, and related systemic autoinflammatory/autoimmune syndromes. Includes bone and joint pathology arising from inflammatory or autoimmune processes, not just classic 'arthritis'.","rheumatoid arthritis and spondyloarthritis; osteoarthritis (medical management); systemic lupus erythematosus and connective tissue disease; vasculitis; autoinflammatory syndromes (e.g. VEXAS, relapsing polychondritis); osteomyelitis and inflammatory bone disorders; bone tumor diagnosis where framed as rheumatologic/osteoarticular disease; gout and crystal arthropathies","mechanical, traumatic, or sports-related musculoskeletal injury and its surgical management -> Orthopedics and Sports Medicine ; systemic immunology and allergic disease not centered on joints/connective tissue -> Immunology and Allergy",Annals of the Rheumatic Diseases; Arthritis & Rheumatology; Rheumatology; Seminars in Arthritis and Rheumatism,https://en.wikipedia.org/wiki/Rheumatology,high
2746,Surgery,Medicine,"The broad clinical specialty of operative treatment across body systems: surgical technique, perioperative and postoperative management, surgical complications, and outcomes, spanning general, vascular, gastrointestinal, and other non-organ-specific-specialty operative care. This is a large cross-cutting bucket for operative-care topics not claimed by a more specific surgical/organ subfield.",general and abdominal surgery; surgical site infection and wound management; hernia repair; vascular and aortic surgical conditions; enhanced recovery after surgery (ERAS) protocols; surgical complications and adhesions; perioperative care; minimally invasive and laparoscopic surgery,cancer-specific surgical treatment framed around oncologic outcomes -> Oncology ; organ transplantation surgery -> Transplantation ; orthopedic and sports-related surgical procedures -> Orthopedics and Sports Medicine ; obstetric/gynecologic surgery -> Obstetrics and Gynecology,Annals of Surgery; British Journal of Surgery; JAMA Surgery; Surgery,https://en.wikipedia.org/wiki/Surgery,high
2747,Transplantation,Medicine,"The medical and surgical science of organ and tissue transplantation: donor and recipient selection, surgical transplantation technique, graft function, immunosuppression, and management of rejection and post-transplant complications.","solid organ transplantation (kidney, liver, heart, lung); hematopoietic stem cell and bone marrow transplantation; graft rejection and immunosuppressive therapy; donor organ preservation and allocation; graft-versus-host disease; post-transplant complications and monitoring",chronic organ disease management prior to transplant listing [route: the relevant organ-specific subfield (e.g. Nephrology)] ; general immunology mechanisms not specific to transplant rejection -> Immunology,American Journal of Transplantation; Transplantation; Transplant International; Clinical Transplantation,https://en.wikipedia.org/wiki/Organ_transplantation,high
2748,Urology,Medicine,"Clinical medicine and surgery of the urinary tract and male reproductive system. Covers urinary bladder, prostate, kidney (surgical/urologic), and urethral disease and disorders, urologic oncology, and both adult and pediatric urologic care.",urinary bladder and prostate disease; urologic oncology; urinary tract stones and obstruction; male reproductive/urologic disorders; pediatric urology; urodynamics and functional urology,medical (non-surgical) kidney/renal disease managed as nephrology -> Nephrology ; gross or microscopic anatomy of the urinary/reproductive tract studied for its own sake rather than clinical disease/treatment -> Anatomy,Journal of Urology; European Urology; Urology,https://en.wikipedia.org/wiki/Urology,high
2802,Behavioral Neuroscience,Neuroscience,"The study of the neural basis of behavior, using primarily animal models and experimental paradigms to link brain circuits, neurotransmitter systems, and neural mechanisms to behavioral output: learning, motivation, emotion, social behavior, and motor action. Bridges basic neurobiology and behavioral/psychological phenomena. ARBITRATION vs Cognitive Neuroscience: human participants studied with neuroimaging or psychophysics go to Cognitive Neuroscience; animal models and behavioural paradigms stay here.","animal models of learning and memory; reward and motivation circuitry; fear, anxiety, and emotional behavior models; neuroendocrine and stress-behavior interactions; social and aggressive behavior neurobiology; addiction and drug-behavior neuroscience; neural circuits underlying motor and instinctive behavior; sleep, arousal and circadian regulation of behaviour; neuropeptide and neuromodulator control of brain states","human cognitive processes (perception, attention, memory) studied via neuroimaging -> Cognitive Neuroscience ; clinical psychiatric disease framing -> Psychiatry and Mental health ; cellular/molecular neuroscience mechanisms without a behavioral endpoint -> Cellular and Molecular Neuroscience",Behavioral Neuroscience; Neurobiology of Learning and Memory; Psychoneuroendocrinology; Hormones and Behavior,https://en.wikipedia.org/wiki/Behavioral_neuroscience,medium
2803,Biological Psychiatry,Neuroscience,"Research into the biological (genetic, neurochemical, neuroimaging, and neuroanatomical) basis of psychiatric disorders. Covers mechanistic and biomarker studies of mental illness in humans and animal models, spanning mood, psychotic, anxiety, and addictive disorders.",neurobiology of depression/anxiety/schizophrenia/bipolar disorder; genetics of psychiatric disease; neuroimaging biomarkers of mental illness; animal models of psychiatric disease; addiction neurobiology; psychoneuroimmunology,"clinical diagnosis, treatment and epidemiology of mental illness -> Psychiatry and Mental health ; general drug mechanism/pharmacodynamics studies not framed around a psychiatric disorder -> Pharmacology",Biological Psychiatry; Molecular Psychiatry; Neuropsychopharmacology,https://en.wikipedia.org/wiki/Biological_psychiatry,high
2804,Cellular and Molecular Neuroscience,Neuroscience,"Study of the nervous system at the cellular and molecular level: neurons, glia, synapses, ion channels, and signaling pathways. Covers mechanisms of neurotransmission, axon guidance, nerve injury/regeneration, and molecular neurobiology across model organisms including invertebrates. ARBITRATION: this card requires the cellular or molecular mechanism ITSELF to be the finding. A systems- or state-level phenomenon (sleep, memory consolidation, circadian behaviour, feeding, addiction, arousal) is classified by its explanandum, not by the technique used - even when studied through identified neurons, receptors or neuropeptides.",synaptic transmission and plasticity mechanisms; ion channels and neurotransmitter receptors; axon guidance and neuronal signaling; glial cell biology; nerve injury and regeneration; molecular/cellular neurobiology in insects and other model organisms,"cognitive- and behavioral-level processing in humans -> Cognitive Neuroscience ; clinical neurological disease diagnosis and treatment -> Neurology ; behavioural or brain-state phenomena (sleep and wakefulness, memory consolidation, circadian behaviour, motivation, addiction) investigated through neuronal or molecular methods - the behavioural endpoint owns the topic -> Behavioral Neuroscience",Journal of Neuroscience; Neuron; Molecular and Cellular Neuroscience,https://en.wikipedia.org/wiki/Cellular_neuroscience,high
2805,Cognitive Neuroscience,Neuroscience,"Study of the neural basis of cognition, perception, and behavior in humans, using neuroimaging (fMRI, EEG), psychophysical, and behavioral methods. Covers perception, language, memory, emotion, and aesthetic/musical experience as brain-based processes.",fMRI/EEG studies of cognition; face and object perception; language and bilingualism neuroscience; music and aesthetic perception; memory and learning neuroscience; social and affective neuroscience,"diagnosis, mechanisms and treatment of neurological disease -> Neurology ; cellular/molecular-level mechanisms without a cognitive/behavioral readout -> Cellular and Molecular Neuroscience ; social, affective, or emotional processing where the primary contribution is an individual psychological/behavioral theory of social attitudes, identity, or group processes rather than a brain-imaging/neural-mechanism finding -> Social Psychology",Journal of Cognitive Neuroscience; NeuroImage; Cortex,https://en.wikipedia.org/wiki/Cognitive_neuroscience,high
2806,Developmental Neuroscience,Neuroscience,"Study of nervous system development and change across the lifespan, from neurogenesis and synaptogenesis through neurodevelopmental disorders to brain aging. Includes effects of prenatal/perinatal exposures, anesthesia, or toxins on the developing brain. ARBITRATION: this card requires the DEVELOPMENTAL PROCESS ITSELF to be the object. A clinical neurodevelopmental condition (autism, ADHD, dyslexia) investigated through cognition, behaviour, neuroimaging, genetics, epidemiology or intervention is not developmental neuroscience - route it by its method and framing.",neurogenesis and synaptogenesis; neurodevelopmental disorders studied as disruptions of neural development mechanisms; prenatal and perinatal brain development; developmental neurotoxicity (e.g. anesthesia effects); brain aging and senescence,"adult cellular/molecular signaling mechanisms without a developmental framing -> Cellular and Molecular Neuroscience ; neurodevelopmental conditions studied through cognition, perception or neuroimaging -> Cognitive Neuroscience ; neurodevelopmental conditions studied as clinical psychiatric disorders (diagnosis, prevalence, treatment) -> Psychiatry and Mental health ; neurodevelopmental conditions studied through behavioural, educational or social-skills intervention -> Developmental and Educational Psychology",Developmental Neuroscience; Developmental Cognitive Neuroscience; Neural Development,https://en.wikipedia.org/wiki/Developmental_neuroscience,high
2807,Endocrine and Autonomic Systems,Neuroscience,"Study of neuroendocrine regulation and the autonomic nervous system: the hypothalamic-pituitary axis, stress hormones, circadian control, and autonomic regulation of internal organs and behavior.",neuroendocrinology and HPA axis; stress physiology and stress hormones; circadian rhythm regulation; autonomic nervous system control of organs; hormone-behavior interactions,"general endocrine physiology and hormone action not centred on nervous-system regulation -> Endocrinology ; clinical endocrine and metabolic disease management in patients -> Endocrinology, Diabetes and Metabolism",Psychoneuroendocrinology; Autonomic Neuroscience; Hormones and Behavior,https://en.wikipedia.org/wiki/Neuroendocrinology,medium
2808,Neurology,Neuroscience,"Clinical and translational study of diseases and disorders of the nervous system, including their mechanisms, diagnosis, and treatment. Covers conditions such as stroke, epilepsy, neurodegenerative disease, and disruption of protective structures like the blood-brain barrier. ARBITRATION vs Neurology [Medicine]: translational/mechanistic disease research (pathophysiology, biomarkers, model systems, blood-brain-barrier biology) stays here; clinical diagnostic and therapeutic practice, patient-management protocols, and health-system-level treatment belong to Neurology [Medicine], even for the same diseases (stroke, epilepsy, neurodegeneration).","stroke and cerebrovascular disease; epilepsy and seizure disorders; neurodegenerative disease (Alzheimer's, Parkinson's, etc.); blood-brain barrier structure and function; translational neuroscience of neurological disease: pathophysiology, biomarkers and experimental therapeutics; neuromuscular disorders","healthy/normal cognitive processing and its neuroimaging correlates -> Cognitive Neuroscience ; psychiatric (non-organic) mental illness -> Biological Psychiatry ; clinical diagnostic and therapeutic practice guidelines, patient-management protocols, and health-system-level treatment of neurological disease -> Neurology","Neurology; Annals of Neurology; Journal of Neurology, Neurosurgery and Psychiatry",https://en.wikipedia.org/wiki/Neurology,high
2809,Sensory Systems,Neuroscience,"Study of the neurobiology of sensory systems, including vision, hearing, olfaction, taste, and touch. Covers sensory receptor physiology, neural sensory-processing pathways, and the basic science of sensory disorders.",visual system neuroscience; auditory system neuroscience; olfaction and gustation; somatosensation and touch; sensory receptor physiology; sensory processing pathways in the brain,"clinical diagnosis/treatment of eye disease -> Ophthalmology ; clinical diagnosis/treatment of ear, nose and throat disease -> Otorhinolaryngology",Journal of Neurophysiology; Vision Research; Hearing Research,https://en.wikipedia.org/wiki/Sensory_nervous_system,medium
2910,"Issues, ethics and legal aspects",Nursing,"Research on the ethical, legal, regulatory, and professional-accountability dimensions of nursing practice: informed consent, patient rights, confidentiality, scope-of-practice regulation, professional codes of conduct, and ethical decision-making by nurses. A currently underused subfield expected to gain topics on nursing ethics, law, and regulation.",nursing ethics and moral distress; informed consent in nursing care; patient rights and advocacy; confidentiality and privacy in care delivery; professional regulation and licensure; codes of conduct and accountability; end-of-life and bioethical decision-making in nursing contexts,"nursing workforce administration, staffing, and organizational leadership -> Leadership and Management ; nursing research methodology and theory development -> Research and Theory","Nursing Ethics; JONA'S Healthcare Law, Ethics and Regulation",https://en.wikipedia.org/wiki/Nursing_ethics,medium
2911,Leadership and Management,Nursing,"Research on leadership, management, and organizational behavior within nursing and nursing-led healthcare settings: nurse staffing and workforce planning, nurse manager/executive roles, organizational culture, quality improvement leadership, and health-system administration as practiced by nursing professionals. A currently underused subfield expected to gain topics on nursing administration and workforce.",nurse staffing and workforce planning; nurse manager and nurse executive roles; organizational culture and change management in nursing; quality improvement leadership; nursing workforce retention and burnout (management angle); healthcare team leadership,"generic business/corporate management theory outside a nursing/healthcare setting -> Strategy and Management ; nursing ethics, legal, and regulatory issues -> Issues, ethics and legal aspects",Journal of Nursing Management; Journal of Nursing Administration; Nursing Management,https://en.wikipedia.org/wiki/Nursing_management,medium
2916,Nutrition and Dietetics,Nursing,"Study of human nutrition: dietary intake, nutrient and food composition, and the health effects of diet, nutrients, and supplements. Covers clinical, public-health, and community nutrition/dietetics practice. ARBITRATION vs Management, Monitoring, Policy and Law [Environmental Science]: this card owns the health/nutritional-effect framing of diet; environmental-footprint and sustainability-impact assessment of food systems and diets belongs to Management, Monitoring, Policy and Law (2308).",dietary intake and patterns; macro- and micronutrient research; food composition analysis; diet-disease relationships; dietary supplements and fortification; clinical and public-health dietetics,"food processing, engineering and industrial food technology -> Food Science ; agricultural production of food crops/animals -> Agronomy and Crop Science ; environmental-footprint and sustainability-impact assessment of diets and food systems (life-cycle, land-use, greenhouse-gas framing), as opposed to the health/nutrition effects of diet -> Management, Monitoring, Policy and Law",American Journal of Clinical Nutrition; British Journal of Nutrition; Nutrients,https://en.wikipedia.org/wiki/Nutrition,high
2922,Research and Theory,Nursing,"Research on nursing science itself: research methodology, theory and model development, philosophy of nursing science, and evidence-based practice frameworks used to generate and evaluate nursing knowledge.",nursing theory and conceptual model development; nursing research methodology; evidence-based practice frameworks; philosophy and epistemology of nursing science; instrument/scale development and validation in nursing; knowledge translation in nursing,"ethical/legal governance of research and consent processes -> Issues, ethics and legal aspects ; administrative or workforce-focused nursing research -> Leadership and Management",Nursing Research; Advances in Nursing Science; Research in Nursing & Health; Nursing Science Quarterly,https://en.wikipedia.org/wiki/Nursing_theory,medium
3002,Drug Discovery,"Pharmacology, Toxicology and Pharmaceutics","Research on the identification and early-stage design of new therapeutic drug candidates. Covers medicinal chemistry, target identification, lead-compound discovery, and structure-activity relationship studies for novel agents, including natural-product leads. ARBITRATION vs Inorganic Chemistry [Chemistry]: this card owns metal-based compounds pursued as therapeutic drug candidates (metal-drug design, SAR toward a therapeutic agent); the fundamental coordination/organometallic chemistry of metal complexes as chemistry belongs to Inorganic Chemistry (1604).",medicinal chemistry; drug target identification; lead compound discovery and optimization; structure-activity relationship (SAR) studies; high-throughput and virtual screening; computer-aided/computational drug design; natural product-derived drug leads,"formulation and delivery of already-identified drug substances -> Pharmaceutical Science ; mechanism of action/pharmacodynamics of established drugs -> Pharmacology ; papers whose core contribution is synthetic methodology, with bioassay/screening data present only as an add-on validation rather than the paper's focus -> Organic Chemistry ; fundamental synthesis, structure, bonding, and reactivity chemistry of metal complexes and coordination compounds studied for their own chemical properties rather than as candidate therapeutic agents -> Inorganic Chemistry",Journal of Medicinal Chemistry; Drug Discovery Today; European Journal of Medicinal Chemistry,https://en.wikipedia.org/wiki/Drug_discovery,high
3003,Pharmaceutical Science,"Pharmacology, Toxicology and Pharmaceutics","Study of the formulation, delivery, and physicochemical behavior of drug products. Covers drug delivery systems, solubility and dissolution, and pharmaceutical technologies including transdermal and nanoparticle-based delivery.",drug delivery systems; solubility and dissolution of drugs; transdermal and topical delivery; nanoparticle/nanomedicine drug carriers; pharmaceutical formulation and manufacturing; biopharmaceutics,identification of new drug candidates/targets -> Drug Discovery ; pharmacodynamic/pharmacokinetic mechanisms of drug action -> Pharmacology,International Journal of Pharmaceutics; European Journal of Pharmaceutics and Biopharmaceutics; Journal of Controlled Release,https://en.wikipedia.org/wiki/Pharmaceutics,high
3004,Pharmacology,"Pharmacology, Toxicology and Pharmaceutics","Study of how drugs and bioactive compounds act on biological systems: pharmacodynamics, pharmacokinetics, and receptor-ligand mechanisms. Broadly includes phytochemistry and bioactivity of natural/plant-derived compounds studied for their pharmacological effects. ARBITRATION: screening extracts or compounds for bioactivity and characterising their action belongs here; isolating and optimising a defined lead goes to Drug Discovery; the practice, ethnobotany or clinical trial of a traditional remedy goes to Complementary and alternative medicine. ARBITRATION vs Pharmacology [Medicine]: basic pharmacodynamic/receptor-mechanism research and phytochemical/natural-compound bioactivity and screening stay here; clinical pharmacotherapy and drug management of patients belong to Pharmacology [Medicine].",pharmacodynamics and pharmacokinetics; receptor and drug-target interactions; phytochemistry and bioactive natural compounds; medicinal plant pharmacology; alkaloid and natural-product pharmacology; drug interaction studies,"molecular/genetic mechanisms of gene or protein function without a pharmacological framing -> Molecular Biology ; traditional/herbal medicine practice and clinical alternative therapies -> Complementary and alternative medicine ; identification of novel drug candidates/leads -> Drug Discovery ; the pharmaceutical industry and medicines as an economic, regulatory or policy object (pricing, regulation, publication bias, marketing) -> Public Health, Environmental and Occupational Health ; clinical pharmacotherapy, drug management, and adverse-effect treatment as practiced on patients in a medical/clinical setting -> Pharmacology ; prescribing behaviour and medication use in clinical practice -> Pharmacology",British Journal of Pharmacology; Pharmacological Reviews; Journal of Ethnopharmacology,https://en.wikipedia.org/wiki/Pharmacology,high
3005,Toxicology,"Pharmacology, Toxicology and Pharmaceutics","Study of the adverse effects of chemicals, drugs, and environmental agents on living organisms. Covers mechanisms of toxicity, forensic toxicology, ecotoxicology, and toxicological risk assessment. ARBITRATION for drug safety: post-marketing surveillance, pharmacovigilance and adverse-drug-reaction research stay here when the adverse effect itself is the object; go to Epidemiology only when the contribution is the population-level study design, and to Public Health when it is regulation or policy.",mechanisms of chemical/drug toxicity; forensic toxicology and drug analysis; environmental toxicology and ecotoxicology; toxicokinetics and xenobiotic metabolism; toxicological risk assessment,therapeutic pharmacodynamics/pharmacokinetics of drugs at normal doses -> Pharmacology,Toxicological Sciences; Toxicology; Archives of Toxicology,https://en.wikipedia.org/wiki/Toxicology,high
3102,Acoustics and Ultrasonics,Physics and Astronomy,"Physics of sound and ultrasound, including wave propagation, acoustic materials, and ultrasonic transduction. Covers noise and vibration, underwater and architectural acoustics, and the physical principles behind ultrasonic sensing and imaging.",acoustic wave propagation; ultrasonic transducers and sensors; acoustic metamaterials; noise and vibration control; underwater acoustics; architectural/room acoustics; physical principles of ultrasound imaging,"clinical use of ultrasound for medical diagnosis/imaging -> Radiology, Nuclear Medicine and Imaging",Journal of the Acoustical Society of America; Ultrasonics; Applied Acoustics,https://en.wikipedia.org/wiki/Acoustics,high
3103,Astronomy and Astrophysics,Physics and Astronomy,"Study of celestial objects and phenomena and the physics of the universe as a whole. Covers observational and theoretical work on stars, galaxies, planets, cosmology, and high-energy astrophysical phenomena.",stellar astrophysics; galactic and extragalactic astronomy; cosmology and large-scale structure; planetary science and exoplanets; gravitational waves and pulsars; gamma-ray bursts and supernovae; astronomical instrumentation and observation,"purely mathematical study of geometric/topological structures (differential geometry, the mathematics of general relativity) pursued as mathematics rather than as astrophysical modeling of real celestial systems -> Geometry and Topology ; design, development and engineering of the detectors, telescopes and instruments themselves, as opposed to the astrophysical phenomena they observe -> Instrumentation ; nuclear reaction and particle-physics theory pursued as nuclear/particle physics rather than as an astrophysical process -> Nuclear and High Energy Physics ; space policy, space law, and international/political governance of space activity -> Political Science and International Relations",The Astrophysical Journal; Astronomy & Astrophysics; Monthly Notices of the Royal Astronomical Society,https://en.wikipedia.org/wiki/Astronomy,high
3104,Condensed Matter Physics,Physics and Astronomy,"The physics of solid and liquid matter, especially collective quantum and many-body phenomena: electronic structure, superconductivity, magnetism, and phase transitions. Covers both theoretical and experimental study of ordered and disordered condensed phases, including topological and strongly correlated systems. ARBITRATION vs Atomic and Molecular Physics, and Optics [Physics and Astronomy]: this card owns collective/many-body condensed-phase phenomena; physics at the level of individual atoms, molecules, and photons belongs to Atomic and Molecular Physics, and Optics (3107).",superconductivity; magnetism and spin systems; quantum many-body physics; phase transitions and critical phenomena; topological matter; strongly correlated electron systems; fundamental semiconductor physics; soft condensed matter,"engineering and applications of optical/magnetic/electronic materials -> Electronic, Optical and Magnetic Materials ; fundamental atomic, molecular, and photon-level physics (atomic spectroscopy, cold-atom systems, quantum optics) as opposed to bulk/collective condensed-phase phenomena -> Atomic and Molecular Physics, and Optics",Physical Review B; Journal of Physics: Condensed Matter; Nature Physics; Reports on Progress in Physics,https://en.wikipedia.org/wiki/Condensed_matter_physics,high
3105,Instrumentation,Physics and Astronomy,"The design, development, and physics of scientific instruments and measurement apparatus used in physics and astronomy research: detectors, sensors, spectrometers, telescopes, and metrology systems. Focuses on the instrument itself (its physics and engineering) rather than the phenomena it is used to study.",particle and radiation detectors; sensors for physical measurement; spectrometers and analyzers; astronomical instrumentation and telescopes; metrology and calibration; measurement techniques; microscopy instrumentation,"fundamental atomic, molecular, and photon-level physics phenomena studied for their own sake, even when using optical/laser techniques, rather than the instrument/apparatus itself as the contribution -> Atomic and Molecular Physics, and Optics ; medical/biological sensing and diagnostic device engineering designed for clinical or biological use -> Biomedical Engineering ; astrophysical phenomena and celestial observations studied as astronomy, as opposed to the design of the telescope/detector hardware itself -> Astronomy and Astrophysics ; mechanical/structural behavior of instrument materials under load, studied as a materials-mechanics question rather than instrument design -> Mechanics of Materials",Review of Scientific Instruments; Nuclear Instruments and Methods in Physics Research A; Measurement Science and Technology,https://en.wikipedia.org/wiki/Scientific_instrument,medium
3106,Nuclear and High Energy Physics,Physics and Astronomy,"The physics of atomic nuclei, elementary particles, and fundamental forces, together with the astrophysics and cosmology that connect to particle-scale physics: nuclear structure and reactions, particle collisions, and the origin and composition of the universe including dark matter.",particle physics theory and experiment; nuclear structure and reactions; high-energy collider physics; astroparticle physics; cosmology and the early universe; dark matter and dark energy; quantum field theory; string theory,"radiation dosimetry, protection and applied radiation physics -> Radiation",Physical Review D; Journal of High Energy Physics; Nuclear Physics A; Physics Letters B,https://en.wikipedia.org/wiki/Particle_physics,high
3107,"Atomic and Molecular Physics, and Optics",Physics and Astronomy,"The physics of atoms, molecules, and their interaction with light: structure and dynamics of atomic and molecular systems, quantum optics, laser physics, and spectroscopy. Includes cold-atom and ultracold-matter physics, atom/photon-based quantum information, and fundamental scattering and collision processes. ARBITRATION vs Condensed Matter Physics [Physics and Astronomy]: this card owns physics at the level of individual atoms, molecules, and photons (spectroscopy, cold atoms, quantum optics); collective/many-body solid-state phenomena (dielectric response, ferromagnetism, piezoelectricity, superconductivity) belong to Condensed Matter Physics (3104).",quantum optics; atomic and molecular spectroscopy; laser-matter interaction; cold atoms and Bose-Einstein condensates; molecular structure and dynamics; photonics as fundamental physics; atom/photon quantum information; electron and atom scattering,"semiconductor devices, optoelectronic circuits and engineering applications of optics -> Electrical and Electronic Engineering ; materials-science characterization of optical/magnetic properties of solids -> Electronic, Optical and Magnetic Materials ; fundamental solid-state and many-body physics of condensed phases (dielectric response, ferromagnetism, piezoelectricity, superconductivity) studied as bulk/collective phenomena rather than atomic/molecular/photon-level physics -> Condensed Matter Physics","Physical Review A; Journal of Physics B: Atomic, Molecular and Optical Physics; Optics Express; Journal of the Optical Society of America B","https://en.wikipedia.org/wiki/Atomic,_molecular,_and_optical_physics",high
3108,Radiation,Physics and Astronomy,"The physics of radiation production, propagation, interaction with matter, and detection, plus its applied dimensions: dosimetry, shielding, health physics, and radiation-based measurement and therapy technologies. Distinguished from Nuclear and High Energy Physics by its focus on radiation as a phenomenon and tool rather than on nuclear/particle structure itself. ARBITRATION vs Radiology, Nuclear Medicine and Imaging [Medicine] and Oncology [Medicine]: this card owns the physics of radiation production, propagation, interaction, dosimetry, and detection; clinical/diagnostic use of radiation and radiobiological/health effects belong to Radiology, Nuclear Medicine and Imaging (2741); clinical delivery and outcomes of radiotherapy as cancer treatment belong to Oncology (2730).","ionizing and non-ionizing radiation physics; radiation dosimetry and measurement; radiation protection and health physics; radiation effects on matter; radiation sources and generation; medical radiation physics: dosimetry, treatment-planning physics, and radiation-generation technology underlying radiotherapy (as distinct from clinical delivery and outcomes)","nuclear reaction theory and particle collision physics -> Nuclear and High Energy Physics ; clinical delivery and outcomes management of radiotherapy as cancer treatment -> Oncology ; biological and cellular effects of radiation studied for clinical/health outcomes (radiobiology in a clinical-health framing), and the clinical/diagnostic use of radiation-based imaging and dose management in patient care -> Radiology, Nuclear Medicine and Imaging",Radiation Physics and Chemistry; Physics in Medicine & Biology; Radiation Research; Journal of Radiological Protection,https://en.wikipedia.org/wiki/Radiation,medium
3109,Statistical and Nonlinear Physics,Physics and Astronomy,"Statistical mechanics, thermodynamics, and the physics of nonlinear and complex systems: chaos and dynamical systems, stochastic processes, self-organization and pattern formation, plasma physics, and physics-derived models of complex/social phenomena.",statistical mechanics and thermodynamics; nonlinear dynamics and chaos theory; stochastic processes; complex systems and network physics; plasma and fusion physics; self-organization and pattern formation; agent-based and sociophysics models,"quantum optics, cold-atom, and photonic nonlinear dynamics studied as atomic/molecular/optical physics phenomena rather than as general statistical-mechanics or complex-systems theory -> Atomic and Molecular Physics, and Optics ; network science and graph-theoretic analysis of communication/computer networks as a networking-engineering discipline -> Computer Networks and Communications ; rigorous mathematical-physics formalism (functional analysis, operator theory) for foundational physical theories, pursued as mathematical physics rather than statistical/nonlinear physics modeling -> Mathematical Physics ; condensed-matter electronic/magnetic many-body phenomena in solids, studied as condensed-matter physics rather than general statistical-mechanics/complex-systems theory -> Condensed Matter Physics",Physical Review E; Chaos: An Interdisciplinary Journal of Nonlinear Science; Physica A: Statistical Mechanics and its Applications,https://en.wikipedia.org/wiki/Statistical_mechanics,high
3200,General Psychology,Psychology,"The last-resort, general/introductory bucket for psychological research that is broad, foundational, or cross-cutting enough that it does not clearly belong to one specific psychology subfield (clinical, cognitive, developmental, social, neuropsychology, applied). Use only when a topic genuinely spans or precedes specialization within psychology.",general psychological theory and history of psychology; psychological methods and measurement not tied to one subfield; introductory/survey psychology topics; cross-cutting psychological science that does not fit a named subfield,"applied/professional psychology practice -> Applied Psychology ; clinical psychopathology, diagnosis, and treatment -> Clinical Psychology ; cognition, perception, and experimental laboratory research -> Experimental and Cognitive Psychology ; interpersonal, group, and societal psychological processes -> Social Psychology ; child/lifespan and educational psychology -> Developmental and Educational Psychology",American Psychologist; Psychological Bulletin; Perspectives on Psychological Science,https://en.wikipedia.org/wiki/Psychology,medium
3202,Applied Psychology,Psychology,"The application of psychological theory and methods to practical problems in real-world, non-clinical settings such as work, sport, law, consumer behaviour, and human-system design. Focuses on psychology in applied institutional or professional contexts rather than basic research on mental processes.",work and organizational psychology; sport and performance psychology; forensic and legal psychology; consumer psychology; human factors and ergonomics; environmental and community psychology; occupational health psychology,"basic experimental study of cognition, perception and memory -> Experimental and Cognitive Psychology ; organizational behaviour and human-resource practice studied as management -> Organizational Behavior and Human Resource Management ; ergonomics and human-system interaction as design of work systems and environments -> Human Factors and Ergonomics ; interaction with computing systems where the interface or user experience is the object -> Human-Computer Interaction",Journal of Applied Psychology; Applied Psychology: An International Review; Journal of Occupational and Organizational Psychology,https://en.wikipedia.org/wiki/Applied_psychology,high
3203,Clinical Psychology,Psychology,"The assessment, understanding, and treatment of mental illness and psychological distress. Covers psychopathology, psychotherapy and treatment techniques, clinical assessment and diagnosis, and applied clinical research on conditions such as depression, anxiety, PTSD, and eating disorders.","psychopathology and diagnosis; psychotherapy techniques and outcomes; clinical assessment instruments; mood, anxiety, and trauma disorders; eating disorders and behaviors; suicide and self-harm research; mental-health treatment in clinical/community settings",biological/neural mechanisms of mental disorders studied primarily at the neuroscience level -> Biological Psychiatry ; psychiatric diagnosis and pharmacological/medical treatment framed as clinical medicine -> Psychiatry and Mental health ; normative child/adolescent development and educational-context psychology not centered on clinical disorder -> Developmental and Educational Psychology,Journal of Consulting and Clinical Psychology; Clinical Psychology Review; Journal of Abnormal Psychology,https://en.wikipedia.org/wiki/Clinical_psychology,high
3204,Developmental and Educational Psychology,Psychology,"Psychological development across the lifespan (especially childhood and adolescence) and the psychology of learning, teaching, and educational assessment. Covers cognitive, social and emotional development and the individual-level psychological processes underlying instruction and achievement. ARBITRATION vs Education [3304]: individual-level cognitive, social and emotional developmental processes, learning mechanisms, and psychological assessment of learners stay here; education systems, curriculum, policy, and institutional teaching practice go to Education.",child and adolescent development; lifespan developmental psychology; learning and instruction processes; educational and psychological assessment/testing; literacy and numeracy development; teacher-student psychological dynamics,"education systems, policy, curriculum and pedagogy as an institutional field -> Education ; social influence, attitudes, and group-level processes in children, adolescents, or adults treated as social-psychological phenomena rather than developmental/learning processes -> Social Psychology",Developmental Psychology; Child Development; Journal of Educational Psychology; British Journal of Educational Psychology,https://en.wikipedia.org/wiki/Developmental_psychology,high
3205,Experimental and Cognitive Psychology,Psychology,"The experimental study of mental processes using laboratory-based methods: perception, attention, memory, learning, language, reasoning, and decision-making. Covers basic cognitive science research on how the mind processes information.",cognitive psychology; perception and attention; memory research; psycholinguistics; judgment and decision-making; experimental learning theory; creativity and problem-solving research,"brain-behavior and physiological/biological bases of cognition -> Neuropsychology and Physiological Psychology ; applied, professional or organizational uses of psychology -> Applied Psychology",Cognitive Psychology; Journal of Experimental Psychology; Cognition; Psychonomic Bulletin & Review,https://en.wikipedia.org/wiki/Cognitive_psychology,high
3206,Neuropsychology and Physiological Psychology,Psychology,"The study of brain-behavior relationships and the physiological/biological bases of psychological processes, including clinical neuropsychology and psychophysiology. Concerned with how neural and bodily systems underlie cognition, emotion, and behavior.",clinical neuropsychology; physiological psychology; psychophysiology; brain-behavior relationships; biological correlates of cognition and emotion; neuropsychological assessment of brain injury/disease,purely behavioral/experimental study of cognition without a physiological/neural focus -> Experimental and Cognitive Psychology,Neuropsychologia; Journal of Clinical and Experimental Neuropsychology; Biological Psychology; Psychophysiology,https://en.wikipedia.org/wiki/Neuropsychology,medium
3207,Social Psychology,Psychology,"The scientific study of how individuals' thoughts, feelings, and behaviors are shaped by social context: attitudes, group processes, interpersonal relationships, emotion, identity, and culture. Covers both individual-level social cognition and group/intergroup phenomena.","attitudes and persuasion; group dynamics and intergroup relations; interpersonal relationships; emotion research; social cognition and identity; stress, coping and well-being; cross-cultural psychology; prejudice and stereotyping","social structure, institutions, and macro-level group processes analyzed as sociology rather than as an individual's psychological mechanism of social cognition or behavior -> Sociology and Political Science ; neural or brain-imaging-based mechanisms of social, emotional, or moral processing where the neuroscience method and brain-level explanation is the primary contribution -> Cognitive Neuroscience ; the developmental trajectory of social or emotional skills in children and adolescents, studied as a topic of lifespan development rather than adult social-psychological process -> Developmental and Educational Psychology ; workplace, organizational, forensic, sport, or consumer application settings where the applied/professional context is the framing rather than basic social-psychological theory -> Applied Psychology",Journal of Personality and Social Psychology; Personality and Social Psychology Bulletin; European Journal of Social Psychology,https://en.wikipedia.org/wiki/Social_psychology,high
3300,General Social Sciences,Social Sciences,"Last-resort bucket for social-science research that is broadly interdisciplinary, methodological, or does not map cleanly onto a single social-science subfield. Covers general social-science theory, methods, and multidisciplinary social research spanning several subfields at once.","interdisciplinary social research; social science research methods; general social theory; multidisciplinary area studies; science, technology and society (general); social research on cross-cutting societal issues","research with a clear political-institutional focus -> Political Science and International Relations ; research centered on gender/sexuality as the primary lens -> Gender Studies ; research centered on legal doctrine or institutions -> Law ; interdisciplinary humanities scholarship whose object is texts, arts, ideas or the past as culture -> General Arts and Humanities",Social Science Quarterly; Social Science Research; SAGE Open,https://en.wikipedia.org/wiki/Social_science,medium
3302,Archeology,Social Sciences,"Archaeology practiced as a social/behavioral science: the study of past human societies through material remains, using anthropological method and theory — settlement patterns, social organization, subsistence and technology, cultural evolution, and scientific/quantitative archaeological methods (archaeometry, bioarchaeology, spatial analysis). Distinct from the identically-named Arts and Humanities subfield, which covers archaeology as a historical/humanistic and art-historical discipline (classical antiquity, epigraphy, museum and heritage scholarship framed humanistically). ARBITRATION vs Archeology [Arts and Humanities] (1204): social-scientific/anthropological-method, settlement/society-focused, and archaeometric archaeology stays here; humanistic, art-historical, classical/philological, and heritage-as-culture interpretation of antiquity goes to the Arts and Humanities twin.",settlement pattern and social organization studies; archaeological method and theory; bioarchaeology and archaeometry; cultural evolution and technology in past societies; landscape and spatial archaeology; cultural resource management / heritage management (social-science framing),"humanistic, art-historical, classical, and philological study of antiquity and its material/textual heritage -> Archeology ; long-run cultural-historical narrative of colonialism, trade networks, kinship, and indigenous societies, where ethnographic/historical-anthropological synthesis is the primary contribution rather than field method, artifact analysis, or site-based archaeological science -> Anthropology",Journal of Anthropological Archaeology; American Antiquity; World Archaeology,https://en.wikipedia.org/wiki/Anthropological_archaeology,medium
3303,Development,Social Sciences,"Interdisciplinary social-science research on international and economic development: growth, poverty, inequality, and social change in low- and middle-income countries, and the policies, institutions, and interventions intended to promote development. ARBITRATION vs Geography, Planning and Development [3305] and Urban Studies [3322]: developing-country growth, poverty, inequality, and aid/institutional-effectiveness framing stays here regardless of spatial scale; spatial/GIS and regional-planning method goes to Geography, Planning and Development; city-scale governance and urban socio-spatial dynamics goes to Urban Studies. ARBITRATION vs General Agricultural and Biological Sciences [Agricultural and Biological Sciences]: rural development and rural sociology in developing-country contexts is named as belonging here rather than to the agricultural-science catch-all.",development studies and theory; poverty and inequality in developing countries; development policy and aid effectiveness; institutions and governance for development; developing-country economic and social change; sustainable development (social/policy angle); rural development and rural sociology in developing-country contexts,"formal macroeconomic growth theory and econometric modeling of development -> Economics and Econometrics ; spatial, urban, or regional planning dimensions of development -> Geography, Planning and Development ; city-scale governance, housing, and urban socio-spatial dynamics, where the urban scale rather than the developing-country/development-studies framing is the object -> Urban Studies",World Development; Journal of Development Studies; Development and Change,https://en.wikipedia.org/wiki/Development_studies,high
3304,Education,Social Sciences,"The study of education as a system and practice: teaching and learning methods, curriculum, educational policy, institutions, and educational technology. Covers education at the classroom, institutional, and policy level, broadly and inclusively across all levels of schooling and lifelong learning. ARBITRATION vs Developmental and Educational Psychology [3204]: education systems, curriculum, pedagogy, and institutional/policy practice stay here; individual-level cognitive, social and emotional developmental processes and psychological assessment of learners go to Developmental and Educational Psychology.",pedagogy and teaching methods; curriculum studies; educational policy and systems; teacher education and professional development; higher education studies; educational technology and e-learning; comparative and international education; educational leadership and administration,"information systems/technology infrastructure and management as the core research object -> Information Systems ; individual-level learning psychology, child development and psychological assessment -> Developmental and Educational Psychology ; neural or brain-imaging-based investigation of learning and cognition where neural mechanism, not educational practice or policy, is the object of study -> Cognitive Neuroscience ; interpretation, criticism and theory of literary texts -> Literature and Literary Theory",Educational Researcher; British Educational Research Journal; Computers & Education; Higher Education,https://en.wikipedia.org/wiki/Education,high
3305,"Geography, Planning and Development",Social Sciences,"Human and regional geography, spatial analysis, and the planning and development of places at scales from local to regional to global. Covers geographic information systems and spatial methods, regional/rural development, geographic thought and pedagogy, and area/place-based studies. ARBITRATION vs Development [3303] and Urban Studies [3322]: spatial/geographic method and regional-planning practice at any scale stays here; poverty/inequality/aid-effectiveness framing of low- and middle-income-country change goes to Development; city-scale governance and urban socio-spatial dynamics goes to Urban Studies.",geographic information systems (GIS) and spatial analysis; regional and rural development planning; human-environment geography; geography education and pedagogy; historical and cultural geography; area studies with a geographic/spatial framing; tourism geography,"urban-specific governance, planning, and socio-spatial dynamics with a city/urban focus -> Urban Studies ; continental- or global-scale environmental/climate change analysis -> Global and Planetary Change ; poverty, inequality, and international/economic-development outcomes in low- and middle-income countries, analyzed through development theory and aid/policy effectiveness rather than spatial/geographic method -> Development ; management, marketing, and business-operations analysis of the tourism, hospitality, and travel industries, as opposed to the geographic/spatial study of place and destination -> Tourism, Leisure and Hospitality Management",Journal of Geography and Regional Planning; Applied Geography; Progress in Human Geography; Regional Studies,https://en.wikipedia.org/wiki/Geography,high
3306,Health,Social Sciences,"Health studied through a social-science lens: the social, political, and behavioral determinants and consequences of health and illness, health disparities and inequities, and health as it intersects with social structure (race, migration, violence, human rights). Not clinical or biomedical health research. ARBITRATION vs Public Health [Medicine]: health inequalities and social determinants analysed as social structure, policy and human rights stay here; the same determinants analysed for population health outcomes and prevention belong to Public Health.",social determinants of health; health disparities and inequities; sociology/anthropology of health and illness; health and human rights; violence and health outcomes; migration and health; health-related social policy,"clinical, epidemiological, or biomedical public health research -> Public Health, Environmental and Occupational Health",Social Science & Medicine; Sociology of Health & Illness; Journal of Health and Social Behavior,https://en.wikipedia.org/wiki/Sociology_of_health_and_illness,high
3307,Human Factors and Ergonomics,Social Sciences,"The behavioral and social-science study of how humans interact with systems, tools, environments, and organizations, aimed at improving usability, safety, and wellbeing: human-centered design, workplace ergonomics, cognitive and physical workload, and user-system interaction. ARBITRATION vs Human-Computer Interaction [Computer Science]: this card owns workplace, organizational and physical human-system performance (ergonomics, workload, safety) beyond the computing interface; interface design, interaction techniques and UX of computing systems belong to Human-Computer Interaction (1709).",human-computer/human-system interaction; workplace and occupational ergonomics; cognitive workload and usability; human-centered/user-centered design; physical ergonomics and workstation design; error and performance in human-machine systems,"engineering-side systems safety, reliability, and quality analysis -> Safety, Risk, Reliability and Quality ; interaction techniques, interface design and user experience of computing systems as the object -> Human-Computer Interaction",Human Factors; Applied Ergonomics; Ergonomics; International Journal of Industrial Ergonomics,https://en.wikipedia.org/wiki/Human_factors_and_ergonomics,high
3308,Law,Social Sciences,"Legal studies covering legal theory, doctrine, and institutions across jurisdictions: constitutional, criminal, international, human-rights, and regulatory law, legal history, and jurisprudence. Includes comparative and interdisciplinary legal analysis where law itself is the object of study.",legal theory and jurisprudence; constitutional and administrative law; international and comparative law; human rights law; criminal law and justice systems; environmental and regulatory law; legal history; law and language/interpretation,"policy-making, governance, and institutional politics without doctrinal legal analysis -> Political Science and International Relations",Harvard Law Review; Yale Law Journal; American Journal of International Law; Journal of Legal Studies; Law and Society Review,https://en.wikipedia.org/wiki/Law,high
3309,Library and Information Sciences,Social Sciences,"Study of how information and knowledge are organized, managed, retrieved, and used by people and institutions, including library and archival practice, information behavior, and scholarly communication metrics. A social-science lens on information, distinct from the technical engineering of information systems. ARBITRATION vs Information Systems [1710]: the social-science study of information behavior, library/archival practice, and scholarly-communication metrics stays here; the technical design, engineering, and organizational management of information systems and databases goes to Information Systems.",library science and administration; archival science; information retrieval and organization; information literacy and behavior; bibliometrics and scientometrics; digital libraries and knowledge management; scholarly communication,technical design/engineering of software information systems and databases -> Information Systems,Journal of the Association for Information Science and Technology; Library & Information Science Research; Journal of Documentation; Scientometrics,https://en.wikipedia.org/wiki/Library_science,medium
3310,Linguistics and Language,Social Sciences,"Language studied through a social-science lens: sociolinguistics, language policy and planning, multilingual education, language acquisition in social context, and the social functions and dynamics of language use in communities and institutions.",sociolinguistics; language policy and planning; multilingual education; language and identity/society; second-language acquisition (social/educational framing); discourse and communication in social context,"formal theoretical linguistics, philology, and humanities-based literary/language study -> Language and Linguistics",Language in Society; Journal of Sociolinguistics; Applied Linguistics,https://en.wikipedia.org/wiki/Sociolinguistics,medium
3311,Safety Research,Social Sciences,"Social and behavioral science research on safety: human behavior, policy, and social systems that produce or prevent injury, accidents, and disasters — occupational safety behavior, road and traffic safety, injury prevention, disaster/risk perception, and public safety policy.",occupational safety behavior and culture; road and traffic safety; injury prevention and epidemiology (behavioral/policy angle); disaster and emergency risk perception; public safety policy; workplace accident causation (human/organizational factors),"engineering systems safety, reliability, and quality analysis -> Safety, Risk, Reliability and Quality ; occupational disease, hazard exposure and worker health outcomes as the object (as opposed to safety behaviour, culture and injury prevention) -> Public Health, Environmental and Occupational Health",Journal of Safety Research; Accident Analysis & Prevention; Safety Science,https://en.wikipedia.org/wiki/Safety_science,high
3312,Sociology and Political Science,Social Sciences,"The broad core of sociology and political science: social structure and change, social institutions, group and intergroup dynamics, political systems and behavior, governance, social movements, crime and deviance, and migration — spanning both disciplines as ASJC groups them together. ARBITRATION vs Political Science and International Relations [3320] and Public Administration [3321]: broad/foundational sociological and social-structural framing of institutions, politics, and group behavior stays here (per ASJC's combined-subfield design); specialized political-science/IR research (comparative politics, IR theory, security studies, electoral behavior, policy analysis) goes to Political Science and International Relations; the operational management of public-sector organizations and service delivery goes to Public Administration.","social theory and social structure; political systems, institutions, and behavior; social movements and collective action; crime, deviance, and criminal justice; migration and integration; intergroup relations and social conflict; public opinion and governance","individual and small-group psychological processes studied as psychology rather than sociology -> Social Psychology ; political behavior, comparative politics, international-relations theory, security/conflict studies, and policy analysis framed as specialized political-science research, rather than as one strand of a broader combined sociology-and-political-science inquiry -> Political Science and International Relations ; public-sector organizational management, bureaucracy, civil service, and public-service-delivery framed as public-management/administration practice rather than social-structural or political-behavioral analysis -> Public Administration",American Sociological Review; American Journal of Sociology; American Political Science Review; British Journal of Sociology,https://en.wikipedia.org/wiki/Sociology,high
3313,Transportation,Social Sciences,"Transportation planning, policy, logistics, and mobility from a social-science and planning perspective: how people and goods move, transport systems governance, and travel behavior. Distinct from the engineering design of vehicles or transport infrastructure.",transportation planning and policy; logistics and supply chain systems; public transit and urban mobility; transport economics and policy; travel behavior and human mobility analytics; traffic systems management,"engineering design of roads, rail, or transport infrastructure -> Civil and Structural Engineering ; vehicle/powertrain engineering design -> Automotive Engineering",Transportation Research Part A: Policy and Practice; Journal of Transport Geography; Transport Policy; Transportation,https://en.wikipedia.org/wiki/Transport,medium
3314,Anthropology,Social Sciences,"The comparative study of human societies, cultures, and their histories: ethnography, cultural and social anthropology, and the broader historical anthropology of colonialism, trade, exchange, and indigenous cultures. Overlaps naturally with archaeology where anthropology addresses long-run cultural history. ARBITRATION vs Cultural Studies [3316] and Communication [3315]: ethnographic, fieldwork-based study of specific societies' kinship, ritual, subsistence and social organization stays here; critical/theoretical analysis of culture, identity, ideology and representation goes to Cultural Studies; the study of media systems, messaging, and communication technology goes to Communication. ARBITRATION vs Ecology, Evolution, Behavior and Systematics [Agricultural and Biological Sciences]: this card owns human cultural and social evolution and the history of societies' customs/institutions; the biological evolution, phylogenetics, and behavioral ecology of organisms belongs to Ecology, Evolution, Behavior and Systematics (1105).","ethnography and cultural anthropology; historical anthropology of colonial encounters, diaspora and exchange systems; indigenous cultures and history; kinship and social organization; cultural exchange and diffusion; historical and maritime anthropology","excavation-based, material-culture-focused archaeological fieldwork and method -> Archeology ; the critical/theoretical analysis of contemporary popular culture, media representation, identity politics, and ideology, where cultural theory rather than ethnographic fieldwork is the method -> Cultural Studies ; the study of media systems, journalism, and communication technology and its social effects, as opposed to ethnographic study of a society's communicative or symbolic practices -> Communication ; documentary/political history of colonial administration, trade, or indigenous polities studied as historical narrative rather than as ethnographic or anthropological-theoretical analysis -> History ; biological evolution, phylogenetics, and behavioral ecology of non-human organisms, and the biological/physical basis of human evolution, as opposed to cultural and social anthropology -> Ecology, Evolution, Behavior and Systematics",American Anthropologist; Current Anthropology; Journal of the Royal Anthropological Institute,https://en.wikipedia.org/wiki/Anthropology,medium
3315,Communication,Social Sciences,"The study of human communication processes, media, and messaging: mass and interpersonal communication, journalism, media effects, public relations, and the social role of communication technologies. Covers both theory of communication and empirical study of media systems and practices. ARBITRATION vs Cultural Studies [3316] and Anthropology [3314]: the empirical study of media, messaging, and communication processes/technology stays here; critical/theoretical analysis of culture, identity and ideology as an end in itself goes to Cultural Studies; ethnographic fieldwork on a specific society's kinship/ritual/social organization goes to Anthropology. ARBITRATION vs Human-Computer Interaction [Computer Science]: this card owns computer-mediated communication as behavior, content, and social process; the design and evaluation of interfaces and interaction techniques for communication tools belongs to Human-Computer Interaction (1709).",media and mass communication studies; journalism studies; public relations and crisis communication; social media and political communication; advertising and persuasive communication; organizational and interpersonal communication; communication technology adoption,"ethnographic study of culture, kinship, ritual, and social organization within a specific society, rather than the study of communication processes, media, and messaging -> Anthropology ; critical/theoretical analysis of cultural meaning, identity, ideology, and power as an end in itself, as opposed to the empirical study of media systems, messaging, and communication practice -> Cultural Studies ; information-system/technology-platform design and organizational deployment (e.g. expert-finding and retrieval infrastructure), as opposed to the substantive content and social process of communication -> Information Systems ; the design and evaluation of user interfaces and interaction techniques for computer-mediated communication tools, as opposed to the communication behavior, content and social process those tools carry -> Human-Computer Interaction",Journal of Communication; Communication Research; New Media & Society; Public Relations Review,https://en.wikipedia.org/wiki/Communication_studies,high
3316,Cultural Studies,Social Sciences,"The interdisciplinary study of culture, cultural practices, and cultural meaning-making: how identity, ideology, and power are produced and contested through texts, media, and everyday cultural life. Draws on critical theory to analyze popular culture, representation, and subcultures. ARBITRATION vs Anthropology [3314] and Communication [3315]: critical/theoretical analysis of cultural meaning-making, identity, ideology and power stays here; ethnographic fieldwork on a specific society's social organization goes to Anthropology; empirical study of media systems, messaging, and communication technology goes to Communication.","cultural theory and criticism; identity studies (race, gender, class as cultural phenomena); popular culture analysis; media representation and textual analysis; postcolonial studies; subcultures and lifestyle studies; heritage and memory studies","ethnographic fieldwork-based study of a specific society's kinship, ritual, subsistence, or social organization, where anthropological method rather than cultural/critical theory is the primary approach -> Anthropology ; empirical study of media systems, journalism practice, and communication-technology adoption, as opposed to the critical/theoretical analysis of culture and representation -> Communication ; gender and sexuality as the primary analytical lens (feminist theory, LGBTQ+ studies, women's/men's studies) rather than a broader cultural-studies analysis of identity, ideology, and power -> Gender Studies",Cultural Studies; European Journal of Cultural Studies; International Journal of Cultural Studies,https://en.wikipedia.org/wiki/Cultural_studies,high
3317,Demography,Social Sciences,"The study of population size, structure, and dynamics: fertility, mortality, migration, aging, and the methods used to measure and project population change, plus the social implications of demographic trends.",fertility and mortality trends; population aging; migration as a demographic process; population projection and demographic methods; household and family demography; demographic transition,"poverty, inequality, and development-policy analysis in low- and middle-income countries, where demographic indicators serve a development-studies argument rather than the study of population dynamics itself -> Development ; the spatial/geographic distribution and regional-planning implications of population patterns, where geographic method is the primary framing rather than demographic measurement or theory -> Geography, Planning and Development ; migration and household/family patterns analyzed as social-structural or political phenomena (integration policy, social movements) rather than as demographic measurement of population processes -> Sociology and Political Science",Demography; Population and Development Review; Population Studies,https://en.wikipedia.org/wiki/Demography,high
3318,Gender Studies,Social Sciences,"Research on gender and sexuality as social, cultural, and political constructs, including feminist theory, gender identity and roles, and LGBTQ+ studies across societies and historical periods. Covers how gender intersects with power, representation, language, and everyday life.",feminist theory and criticism; gender identity and roles; sexuality and LGBTQ+ studies; women's and men's studies; masculinity studies; gender and language/representation; intersectionality (gender x race/class),gender as a policy/governance variable in electoral or institutional politics -> Political Science and International Relations ; gender-based rights framed as statutory/constitutional law -> Law,Gender & Society; Signs: Journal of Women in Culture and Society; Feminist Studies; Journal of Gender Studies; Sex Roles,https://en.wikipedia.org/wiki/Gender_studies,high
3319,Life-span and Life-course Studies,Social Sciences,"Studies of human development, ageing, and life transitions from a sociological/social-structural perspective: how social roles, institutions, cohorts, and biographical trajectories unfold from birth to death, and how social position at one life stage shapes outcomes at later stages. Covers life-course theory, cohort and generational analysis, transitions (school-to-work, marriage, retirement), and the social patterning of ageing.",life-course theory; cohort and generational analysis; ageing and the life cycle (sociological); biographical/trajectory research; transitions to adulthood and retirement; intergenerational relations; social determinants of ageing,individual psychological development across the lifespan -> Developmental and Educational Psychology ; clinical/medical geriatrics and age-related disease -> Geriatrics and Gerontology ; population-level age structure and demographic ageing statistics -> Demography,Advances in Life Course Research; Journal of Aging Studies; Ageing & Society,https://en.wikipedia.org/wiki/Life_course_approach,medium
3320,Political Science and International Relations,Social Sciences,"Study of political systems, institutions, behavior, and international relations: comparative politics, public policy and governance, political theory, security and conflict studies, and foreign policy analysis. Covers both domestic politics and interstate/global political dynamics. ARBITRATION vs Sociology and Political Science [3312] and Public Administration [3321]: specialized political-science and international-relations research stays here; broad social-structural, migration, crime/deviance, and social-movement analysis (even when it touches politics) goes to Sociology and Political Science; the operational management of public agencies and bureaucracies goes to Public Administration.","comparative politics; international relations theory and diplomacy; public policy and governance; political behavior and public opinion; security, conflict and peace studies; political theory and philosophy; elections and voting behavior","doctrinal analysis of statutes, constitutions, or court decisions -> Law ; gender/sexuality as the primary analytical lens even when applied to politics -> Gender Studies ; broad social-structural, social-movement, migration, crime/deviance, and intergroup-conflict analysis where sociology is the primary disciplinary lens even when the topic touches politics or governance -> Sociology and Political Science ; the operational management, administration, and organizational practice of public-sector agencies and bureaucracies, as opposed to political institutions, behavior, or policy-analysis theory -> Public Administration",American Political Science Review; International Organization; Journal of Politics; World Politics; Foreign Affairs,https://en.wikipedia.org/wiki/Political_science,high
3321,Public Administration,Social Sciences,"The study and practice of managing public-sector organizations, government agencies, and the delivery of public services. Covers bureaucracy and organizational behavior in the public sector, public management, public sector reform, e-government, civil service, local/regional government administration, and implementation of public programs. ARBITRATION vs Political Science and International Relations [3320] and Sociology and Political Science [3312]: the operational management, administration, and organizational practice of public-sector agencies stays here; formal policy-making and political institutions/behavior as objects of study go to Political Science and International Relations; broader social-structural/political theory of the state and power goes to Sociology and Political Science.",public sector management; bureaucracy and civil service; public administration reform; e-government and digital government; local and regional government; public service delivery; nonprofit/NGO administration,"formal policy-making processes, political institutions, and policy analysis -> Political Science and International Relations ; public health program administration -> Public Health, Environmental and Occupational Health ; broad social and political theory of the state, power, and institutions, treated as sociological or political-science inquiry rather than public-management practice -> Sociology and Political Science",Public Administration Review; Journal of Public Administration Research and Theory; Public Management Review,https://en.wikipedia.org/wiki/Public_administration,high
3322,Urban Studies,Social Sciences,"Study of cities and urbanization: urban planning, governance, growth, and socio-spatial dynamics, including urban policy, urban culture and heritage, and the relationship between urban and rural development. Focuses on the city/region as a social and spatial unit. ARBITRATION vs Geography, Planning and Development [3305] and Development [3303]: city/urban-scale governance, housing, and socio-spatial dynamics stay here; non-urban spatial/regional-planning method goes to Geography, Planning and Development; developing-country poverty/inequality/aid-effectiveness framing goes to Development.",urban planning and governance; urbanization and city growth; urban policy and housing; urban geography and sociology; city/urban network dynamics; urban heritage and culture; urban-rural development linkages,"regional/rural development analysis without an urban focus -> Geography, Planning and Development ; architectural design of individual buildings -> Architecture ; IoT sensor networks and network architecture underlying smart-city technology, when the core contribution is the network/connectivity engineering -> Computer Networks and Communications ; e-government information-systems implementation (design/deployment of digital-government IT systems), when the core contribution is the information-systems work -> Information Systems ; poverty, inequality, and aid/institutional-effectiveness analysis of low- and middle-income countries, when the developing-country/development-studies framing (not the urban scale) is the object -> Development",Urban Studies; Journal of Urban Affairs; Cities; International Journal of Urban and Regional Research,https://en.wikipedia.org/wiki/Urban_studies,high
3402,Equine,Veterinary,"Veterinary medicine and health care specific to horses and other equids: clinical medicine, surgery, reproduction, lameness/orthopedics, and welfare of equine species, including performance and racehorse health. SPECIES-RESTRICTED: horses only. Livestock, poultry and farmed fish go to Animal Science and Zoology; companion animals go to Small Animals.",equine clinical medicine; equine surgery; equine reproduction and breeding; equine lameness and orthopedics; equine infectious and parasitic disease; equine nutrition; performance/racehorse health,general animal production/husbandry science not focused on equine clinical health -> Animal Science and Zoology ; small companion animal (dog/cat) clinical medicine -> Small Animals,Equine Veterinary Journal; Journal of Equine Veterinary Science; Equine Veterinary Education,,medium
3404,Small Animals,Veterinary,"Veterinary medicine and clinical care for companion/small animals, primarily dogs and cats: internal medicine, surgery, diagnostics, welfare, and behavior in small-animal clinical practice. SPECIES-RESTRICTED: companion animals only. Livestock, poultry and farmed fish go to Animal Science and Zoology.",small animal internal medicine; companion animal surgery; canine and feline disease; small animal diagnostics; small animal welfare and behavior; small animal nutrition,"large/production animal (livestock) medicine -> Animal Science and Zoology ; horse-specific veterinary medicine -> Equine ; laboratory-animal husbandry, welfare and model development as a research-practice question rather than veterinary clinical care -> Animal Science and Zoology",Journal of Small Animal Practice; Journal of the American Veterinary Medical Association; Journal of Feline Medicine and Surgery; Veterinary Surgery,https://en.wikipedia.org/wiki/Companion_animal,high
